drivers_licence,name,last_name,address,phone_number,vin
EL-441528-85-25,Alie,Fowle,9703 Aberg Place,315-768-5717,3N1AB6AP4BL929940
TB-739174-19-23,Chet,Salamon,4167 Linden Plaza,595-929-2360,1G6DM56T350468741
QG-659673-72-33,Fedora,Rylett,945 Roth Circle,111-691-6081,KNADH4A38B6874586
KE-838744-62-24,Ethelind,Welbourn,05 Derek Circle,985-591-8946,1GYS3RKJ7FR968878
YE-841272-77-86,Felicia,Zahor,968 Schmedeman Pass,978-494-6082,WBADN63463G029628
HO-329613-38-88,Darrelle,Michelmore,43579 Loeprich Drive,593-120-7163,WVGEG9BP0DD370245
KT-954511-44-34,Adorne,O' Finan,342 Butterfield Road,863-771-0437,2FMHK6CC1AB503079
KP-999814-38-64,Khalil,Stadding,9367 Everett Court,808-391-2310,KNAFT4A2XD5825526
OI-803045-50-90,Delmar,Jeffryes,9849 Pennsylvania Circle,957-794-1418,5FNRL3H23AB371386
XY-530697-91-34,Gawain,Brombell,48 Wayridge Court,512-148-3935,1B3CB5HA7AD352926
GA-441001-33-10,Konstantine,Hebborne,18663 Elka Drive,442-746-9868,WVGAV7AX8FW016538
JI-246659-69-76,Eunice,Secretan,53379 Forest Dale Trail,493-192-9145,4JGDF2EE3DA545363
UU-882641-07-23,Ellie,Maudett,0395 Dwight Drive,356-100-4835,WBAPH57599N527697
WC-279377-43-69,Edwina,Groucock,27 Buena Vista Pass,339-142-5578,WAUBNAFB5BN855160
YP-817108-14-85,Talbert,Harron,0 Express Pass,291-606-7329,WAUSFBFL5AA705275
QN-354285-00-48,Tomkin,Ortner,125 Bashford Road,717-277-8928,3C4PDCAB1ET970826
TI-785146-54-87,Bastian,Cheasman,152 Roxbury Terrace,991-744-7798,5TDDK3DC0BS845738
TQ-960924-28-96,Goldi,Postians,3 Merchant Lane,340-199-4531,JN1AY1AP7BM158669
OE-331112-00-72,Rowland,Blanchette,66 Reindahl Court,451-670-6939,WUARU78E27N335801
ZS-816426-67-59,Bidget,Peery,165 Shoshone Drive,533-465-0293,19UYA42761A836104
KP-036067-67-62,Tresa,Varvara,262 Dryden Trail,279-147-5999,1FTSX2A5XAE191308
GP-423198-16-08,Cammie,Mallender,5050 Pennsylvania Circle,676-725-2036,2C4RDGDG3CR760235
CR-090681-95-86,Becki,Cohane,89 Debs Center,988-412-3677,WBA5A7C53FD270681
ID-975822-17-58,Fara,Major,94469 Hooker Trail,330-485-1192,WAUHF98P87A969778
RX-828291-98-41,Felizio,Jeenes,63 Sachs Parkway,767-564-7830,YV4952CZ9E1784143
IY-059732-29-71,Alvinia,Liversley,3 Bobwhite Way,814-904-8436,1C4RDJDG2DC256167
EE-054189-48-37,Piotr,Harower,9 Cottonwood Center,821-577-3383,1HGCP2F33AA943891
LW-252094-91-46,Kerby,Rowswell,17 Fairfield Avenue,821-884-1746,2G4WC552X71558294
ME-275317-94-68,Chaunce,Haysman,47093 Stang Terrace,612-170-0870,WAULT54B62N949939
HP-980317-49-53,Findley,Fantham,28293 International Way,655-850-6037,1G6DJ577790190264
KN-109452-93-31,Maddy,Summerskill,38 Boyd Pass,116-319-9183,3VW517AT6EM652613
IE-550950-94-60,Mady,Lubeck,263 Birchwood Way,398-965-5111,3C3CFFDR5ET743873
DH-101742-15-66,Tore,Duplock,55 Nobel Road,442-196-8445,WAULT68EX3A460866
CC-377196-43-88,Claretta,Kibbee,518 Kim Road,744-168-4875,WAUGFAFC5FN530042
DT-075102-57-08,Nannette,Matthewman,5 Blaine Crossing,570-470-1648,NM0KS9BNXCT833966
BV-629526-63-29,Kari,Mieville,5817 Mitchell Parkway,947-325-4516,1FTWX3D56AE755765
LK-100288-77-73,Delora,Wardingly,4 Red Cloud Street,471-972-4853,19UUA75557A540123
IN-009556-45-89,Keary,MacElholm,4980 Coolidge Alley,636-427-9603,5YMGY0C54D0828130
LA-289632-39-90,Franchot,Tortis,97971 Oak Valley Terrace,334-418-6922,1G6DU6EV9A0951525
PX-926332-66-71,Nikki,Acedo,5945 Park Meadow Terrace,297-940-7211,3N1CE2CP1FL761590
II-174975-71-34,Jaclyn,Petera,3 Crownhardt Park,608-973-0308,SCFFDCCD4BG844777
PF-700220-19-24,Windy,Barnson,0 Rowland Alley,772-240-3092,WAUVT68E43A957436
SL-876678-03-01,Pippy,Bowry,0049 2nd Plaza,346-810-3629,5N1BA0NCXFN233819
TJ-473451-72-14,Annmarie,Defond,876 Mosinee Terrace,817-988-8202,SALSF2D43AA668816
RS-788216-65-49,Calhoun,Swinden,4 Kennedy Trail,161-588-4192,WBA6A0C55FD881193
GI-477547-82-77,Reade,Ewbanck,3 Village Park,534-573-5942,WUARL48H99K227367
YC-126153-45-26,Curr,Reven,7403 Lien Street,403-139-3806,4JGBB2FB9AA154320
BK-549847-63-37,Ilysa,Klees,5844 Rowland Drive,222-336-4237,1N6BF0KX2FN509839
HN-723251-04-64,Ashlie,Plomer,2186 American Trail,766-457-7709,JH4CL95885C225858
HG-034332-62-98,Granthem,MacNeillie,60 Melrose Plaza,334-509-9430,JM3KE2BE5D0876106
DF-703012-55-86,Dominica,Wilcinskis,48237 Twin Pines Hill,218-602-3267,3VW1K7AJ5BM476479
RK-316890-68-14,Dame,Baptie,627 Northview Circle,996-486-9520,SCBLC47J98C019461
GO-865809-64-26,Nelly,Keers,19 Bultman Avenue,275-222-3011,WBAEJ13451A497210
JH-367013-69-25,Consalve,Zecchetti,06 Northview Hill,362-137-8041,5TDBKRFH6FS930799
UC-209933-06-76,Jo,Rivallant,7 Sutteridge Circle,217-413-4886,5N1AN0NW0FN742098
DL-178476-05-71,Brendis,Caunter,324 Grover Alley,412-395-5133,1G6DC8E38E0629526
UD-206885-29-37,Christean,Sedger,41212 South Center,760-456-7960,1C4NJPBAXCD510841
UT-597130-51-47,Anestassia,Erskin,22 Cherokee Alley,377-674-4216,WDDGF4HB2DA975017
VQ-916914-03-81,Georgette,Pleasants,21 Arapahoe Lane,682-944-7955,WBAPK5C58AA977635
TJ-111678-06-37,Licha,Brettell,585 Meadow Valley Street,502-832-2756,1C3CDZCB6CN852707
AR-159136-93-05,Matthieu,Tallyn,79 Hagan Place,327-162-7421,2C3CDXCT5FH653593
SR-251588-39-57,Cher,Simkiss,7900 Roth Plaza,582-729-2080,1N6AF0LY3EN113789
QZ-965428-59-22,Curcio,Springham,52 Sullivan Street,574-745-0497,1D7CW3GK7AS359216
KM-143407-96-75,Daniele,Drugan,0 Springs Center,120-725-7886,1GYFC53259R974457
OR-683936-19-44,Jere,Ivanov,896 Quincy Hill,906-474-2484,1FM5K7B89EG339701
OH-941786-31-98,Andre,Hadye,04305 Sloan Avenue,502-509-5511,WAUJC68E55A156371
KJ-757084-23-82,Clareta,Cullivan,86 Mendota Trail,169-783-1767,1G4HG5EM4AU657266
MA-086095-20-56,Helli,Munnery,3 Hoffman Park,495-639-5070,3VW1K7AJ7DM830117
PD-729380-66-52,Joscelin,Tue,6 Surrey Pass,909-586-8071,3C6JD7AP4CG090130
FL-118325-43-70,Lorie,Labbey,6960 Hudson Avenue,169-259-6445,1HGCR2E38DA345148
MK-500285-15-37,Liuka,Hryskiewicz,75 Springs Street,999-536-1231,1G6AA5RA5D0923660
NV-095447-81-64,Lonni,Croker,73 Upham Parkway,923-668-8349,1N4AA5AP6DC513791
HS-808197-99-02,Ethelred,Beadnell,5805 Merrick Street,451-788-6544,WVGAV7AX0BW636701
NL-252814-14-53,Kahaleel,Andrichak,607 Claremont Place,353-822-6072,YV126MFD1F2265445
SB-950169-19-47,Ingemar,Delia,7778 Delaware Pass,150-364-4947,1C3CCBBB5CN461818
AM-852642-68-27,Adamo,Carlesi,81712 Springs Lane,363-854-4878,KNALU4D47F6426129
OJ-738936-97-70,Ginevra,Teal,650 Karstens Terrace,215-573-4299,5FRYD3H66GB606897
CP-568724-00-56,Devonne,Ivanusyev,8082 Bultman Way,801-850-8408,TRUSC28N441460893
HZ-548587-31-37,Briggs,Klees,6 Valley Edge Circle,374-690-5602,3C6TD5MT4CG497709
GR-546376-98-39,Mikol,Durbin,787 Shasta Lane,872-651-0777,SALAK2V6XFA669055
JF-136162-22-95,Joshua,Dealtry,3160 Melvin Road,640-878-4350,WBAWC33579P865107
NU-016804-91-22,Sibeal,Keri,46620 Eastlawn Crossing,340-700-4563,5N1AN0NU9CN146756
RP-753127-68-13,Nigel,Scoffins,5 7th Hill,635-378-3927,4F2CY0C77BK821957
BI-465009-90-86,Tanney,Pady,13333 Rutledge Hill,949-862-3662,1FTKR1AD8AP072849
KW-404281-35-87,Nell,Blasius,655 Bunker Hill Court,779-478-9824,3VW467AT8DM900971
UJ-958939-32-44,Nananne,Dunckley,67863 Pennsylvania Junction,778-663-5578,1N6BF0KL8FN335997
AI-044888-73-75,Ynes,Reape,3 Spenser Alley,642-577-2864,3LNDL2L36BR576684
UQ-875205-35-34,Aubrey,Cottingham,7 Loomis Trail,988-177-8308,WBAVB73547V562168
UJ-928804-62-08,Melinde,Frostdick,7 Meadow Valley Way,359-765-2839,WBAYE4C58DD773023
CT-010192-10-63,Vanny,Stollmeyer,60 Ruskin Pass,205-905-0878,WDDGF4HBXCR555280
TI-537926-95-55,Elmore,Downey,3 Eastlawn Way,822-595-1301,1LNHL9DK3FG328700
IK-088854-95-46,Dulcy,Bramsom,4511 Donald Alley,302-774-3556,KNADH4A38A6282250
QC-666766-65-84,Kally,Grote,6767 Northwestern Terrace,819-435-3949,2HNYD28897H479130
BR-361442-04-05,Eliot,Garmston,5141 Ridgeview Crossing,295-270-1256,2V4RW3D14AR822467
MS-817691-27-15,Orelia,Edgworth,20 Del Sol Road,764-516-0220,WBAPM7G50AN234220
JX-797136-50-67,Jsandye,Daggett,575 Old Gate Avenue,916-270-4665,5NMSG3AB5AH281803
MN-975003-47-17,Neile,Musgrave,2632 Merchant Terrace,606-415-6750,5TDBKRFH2FS373132
WA-242190-64-91,Lem,Joburn,402 Menomonie Terrace,730-917-0256,1G4GA5EC7AF333494
BJ-213092-96-77,Cassaundra,Dennis,49506 Sutherland Alley,616-860-5175,1GYEE437090421926
IT-688321-80-01,Ailene,Tams,7 Northridge Lane,553-752-8719,5J6TF1H33BL979136
DE-549348-44-26,Pia,Cadigan,0 Melby Circle,221-768-6022,JN8AZ2KR5AT921488
EY-200377-92-78,Luz,Baskeyfield,54 Lillian Crossing,109-163-2989,1FTSW3A57AE353503
XN-453713-45-75,Jodee,Orr,976 Transport Drive,749-683-0770,WA1LMAFE6BD972900
GN-337247-76-06,Drucie,Adne,9754 Ramsey Street,666-709-1499,JM1NC2SF2F0449246
DU-785281-38-35,Gabriello,Springtorp,55 Straubel Terrace,407-846-8964,SALVP2BG2FH180009
FH-468969-78-51,Ivar,Petters,38043 Summerview Center,176-346-5786,5UXZW0C5XCL709596
VC-303956-41-90,Maxine,Matthis,0 Ilene Point,192-985-6580,WAUAKAFB5BN179510
QL-076952-85-30,Augie,Brende,2367 Forest Run Terrace,505-773-8800,SCFEBBAC3AG697405
KK-542071-16-65,Stern,Dryburgh,1178 Roth Plaza,756-583-6893,WBASP4C53CC209493
QO-537436-56-03,Heloise,Drable,7 Mockingbird Point,949-553-8939,1N6AA0EK5FN014335
RA-983539-73-87,Woodrow,De Goey,1 Lakewood Avenue,919-131-4986,3VW8S7AT0FM505604
AV-378837-81-40,Sydelle,Matzke,83674 Shoshone Lane,890-756-5446,1D4PT2GK6BW715523
WM-266434-61-47,Josephine,Jewes,71 Village Green Pass,426-666-6779,1GYFK43868R540502
OQ-044502-87-74,Kerry,Bruyns,23 Larry Lane,458-676-0159,1FTEX1CM9BF770040
RZ-117116-89-05,Leisha,Wycliff,76 Porter Avenue,995-775-0418,WBA3B1C53F5272877
KR-413320-76-41,Alfy,Ellerton,17 Oriole Avenue,403-860-3997,1LNHL9DR2BG990100
IB-513287-94-85,Dewey,Cloonan,9 Esch Plaza,398-180-1739,1G6DW677650391879
JT-620398-01-36,Nerte,Leivers,9 Butterfield Place,481-806-7348,JN8AF5MR6ET889518
GA-418372-74-63,Giulietta,MacGiolla,16 Village Place,612-717-3066,4A31K2DF5AE185351
FF-113010-71-18,Reggi,Parram,431 Meadow Ridge Plaza,175-125-6967,WBALW3C55EC508505
AU-044663-67-63,Melantha,Danelet,71 Reindahl Place,298-330-8947,1FTEW1CF3FF950317
UW-227301-16-84,Martin,Sands,277 Basil Lane,164-797-9107,JM3TB2BA3F0546686
IB-600245-55-86,Felicia,O'Mullally,5657 Hoffman Pass,149-380-0555,19XFB2F53DE263129
IM-396789-83-81,Daveen,Rogeron,251 David Pass,322-354-5670,5TFCW5F18BX412749
NG-414426-34-65,Zelda,Hearon,8052 Del Sol Street,324-386-2261,1FTSW2B50AE621123
VK-919856-98-91,Leslie,Fautley,43 Knutson Way,992-494-9440,1YVHZ8BH3A5214764
UU-404233-97-07,Christye,Coverdale,96147 Lotheville Point,814-425-1737,1G4HD57278U999499
TO-917120-38-62,Willy,Reisk,74101 Banding Road,923-256-0932,2C3CDXBG2FH999637
IT-793504-34-47,Andras,Hause,53 Forest Run Junction,236-156-3298,1G6DW677670734094
TG-437115-99-84,Sanderson,Timmens,9688 Lien Court,175-866-6699,WAULC58E53A862904
BU-310108-98-10,Ly,Purchon,3529 Reinke Court,676-579-0438,1J4AA2D17BL107140
VX-844568-94-46,Coralie,O'Fallon,6094 Arapahoe Crossing,490-493-3049,WAUBC48H05K392293
BO-726239-41-37,Delbert,Minchinton,09 Homewood Drive,557-960-9714,1GYFK43828R212851
WN-929123-81-00,Lawry,Jennions,29 Eastlawn Place,903-360-5763,2D4RN4DG4BR782273
MO-784317-01-84,Sherye,Ghiraldi,538 Golden Leaf Street,262-951-3328,SAJWA4DB5DL863540
CJ-634851-18-50,Jorie,Saterthwait,78517 Larry Center,771-243-2043,1GKS1CE07ER201241
TP-977515-73-10,Gawen,Seleway,22 Warrior Street,672-509-1192,5N1AN0NW1EN895605
OJ-953204-64-24,Rodolphe,Doreward,47312 Morningstar Way,898-472-4515,3C6TD5DT4CG844388
KS-547812-41-69,Lionel,Dwyer,91528 1st Crossing,200-591-2002,1G6DA5EY2B0347183
MF-073641-45-55,Sybilla,Greening,14 Knutson Road,387-172-5922,WAUBVBFB7BN291713
JQ-068193-66-12,Tana,Scapens,19812 Mallory Terrace,972-857-7216,WAUFFAFL6DN059009
GE-392496-83-20,Dyanna,Whitsun,87 Bluestem Trail,510-469-8918,1G6KF57991U615135
PR-868213-79-26,Renata,Willison,2 Moose Lane,941-435-2473,JTDKDTB36C1882702
GC-676754-98-83,Cthrine,Skells,663 Lake View Way,945-672-9989,1G6AB5RA1D0869058
ZZ-728528-71-49,Roby,Dunphie,81 Sachs Junction,411-221-3511,1G6AJ1R36F0188653
SS-593703-97-30,Saleem,Cabena,11 Sommers Pass,828-786-3877,1G6AG1RX5F0686098
EC-660176-56-59,Amandi,Maryin,037 Katie Circle,652-974-4319,SCFEBBAC9AG147609
TI-503627-05-70,Humbert,Foss,067 Gina Court,923-874-3273,WAULT54B24N979622
KS-543594-88-16,Osmund,Frewer,824 Milwaukee Place,571-887-5402,JTHBL5EF4B5314197
IX-456638-98-98,Lanni,Braben,6 Bonner Road,145-939-3876,JTEBU5JR6F5057513
ZN-153697-51-15,Reynard,Germon,070 Graceland Crossing,781-626-3097,WBA1J7C55EV171576
QK-793458-83-42,Kerri,Snyder,9 Rieder Road,993-448-4791,1N6AA0EJ8FN128322
QY-615554-90-58,Kerianne,Blunsom,38 Park Meadow Way,467-628-4448,2B3CJ5DT5BH407842
BW-994451-77-66,Colas,Robbie,883 Judy Road,133-426-9324,3FADP4AJ4CM543161
AK-970820-85-65,Yvonne,McLaren,8 Corscot Junction,620-986-1561,WBADX1C53BE434961
LB-534988-50-34,Alberto,Ciardo,6 Dayton Place,870-650-1796,4T1BF3EK1BU699052
NH-469861-41-66,Hershel,Bubear,96795 Lakewood Avenue,900-907-0282,WBALL5C5XFP261447
DT-170853-57-07,Trenna,Romaines,14759 Independence Trail,300-226-9528,JH4CU2F60BC906447
CN-170614-70-32,Arman,Clyburn,53 Kingsford Road,925-663-5596,19XFB2E20CE145707
LF-193662-72-54,Job,Burcher,25 Farragut Circle,723-677-4948,WAUXD68D51A181408
CB-577803-99-07,Jennifer,Youthed,099 Pond Lane,947-557-0662,1GYS4GEF8CR713788
BC-562484-69-37,Benedicta,McInulty,09 Sachs Avenue,394-661-7757,JH4CL96986C573507
WH-800546-85-18,Nicoline,Yurlov,65 Crest Line Center,397-113-7445,WAUVT64B33N010618
RE-725086-87-54,Cass,Noddings,3572 Oneill Road,450-727-2468,5J6TF1H37AL938748
QS-673538-29-12,Kirby,Erratt,4 Arkansas Way,272-853-3806,3C4PDCEG9ET386552
NP-385523-42-12,Alisha,Pollins,383 Montana Pass,206-268-2277,WA1CFBFP7BA249737
GH-208658-29-83,Rob,McKerron,3244 Bayside Trail,348-335-1307,WBAPH7C56AA698954
UD-230912-05-36,Marge,Perrie,4 Goodland Hill,232-896-8484,1G6DJ5E36C0095699
JG-475298-17-12,Nessie,Almon,7769 5th Point,313-584-6889,19UYA42633A614288
MM-584291-95-94,Monro,Hutcheon,6 Forest Run Center,260-630-2708,1G6YX36D765355546
RI-593657-24-88,Georgeanna,Scanlon,3 Fairfield Trail,871-325-1297,KNAFU6A20B5644229
OK-799370-69-61,Erminie,Prinn,85298 Carioca Junction,905-438-1116,1B3CC4FB3AN257650
MB-800754-79-96,Tabb,Meneghi,8 Meadow Vale Trail,682-475-2979,1N6AA0CC9BN566507
CB-455439-90-34,Lief,Rillstone,15 Prairieview Alley,105-794-4064,1N6AA0CC6BN260560
BT-458969-87-38,Willy,Worling,57 Fordem Avenue,768-860-3158,1HGCR6F39EA752631
CY-287235-55-73,Devina,Addicott,579 Springview Junction,143-576-0478,WAUSH94F08N520604
KI-411247-83-14,Ivory,Edmonson,97 Quincy Trail,755-663-0112,19UUA76648A241750
EI-659766-34-42,Job,Cutmere,673 Calypso Point,641-212-3730,1N6AA0EC4FN087348
MJ-753211-08-71,Charita,Chesher,997 Doe Crossing Junction,137-198-8096,WAUKF78E67A949506
FM-794728-62-55,Brien,Stichall,5113 East Hill,650-457-2687,JM1NC2JF9C0369259
KJ-905977-84-98,Sanderson,Silverson,298 Rigney Circle,983-740-3684,1FTFW1E87AK173059
JO-234824-79-09,Orton,Van der Veldt,165 Oak Road,762-643-7111,WBAYE8C56DD878036
RS-985548-66-04,Teresina,Quemby,04982 Paget Parkway,163-885-7016,3VWKP7AJ8DM189405
EK-348403-60-19,Larisa,Dominiak,23 Crowley Pass,889-987-1131,YV140MAM0F1719059
IK-849464-37-35,Felicle,O'Hallagan,04 Doe Crossing Way,874-736-1675,1ZVBP8AM0C5096897
XG-677845-07-74,Mirelle,Easby,6969 Jenifer Point,935-822-6118,5N1BA0ND1FN026633
CM-695177-13-06,Hanna,Maliffe,137 Larry Road,742-680-2163,1D7RV1GP1AS856355
LG-762445-96-38,Germaine,Mecco,64204 Pond Pass,350-817-3894,WBABN53451J260926
MU-978989-62-32,Lucian,Ducastel,35 Prentice Place,839-128-4558,1G6DK8E3XC0287612
YG-145734-06-09,Neysa,Jory,28 Pennsylvania Pass,974-594-7768,1N6AF0KX2FN007361
PG-657085-24-97,Esdras,Golton,2 Bashford Crossing,369-356-3567,WA1DGBFE7FD061126
FX-142053-72-01,Davis,Blakeman,33 Graceland Parkway,676-133-2577,JN8AZ2KR7AT412633
OK-934462-76-52,Beth,Ridwood,7 Judy Lane,853-242-8169,1G6AB5S30D0607043
AJ-476769-29-59,Margot,Anyene,464 Southridge Parkway,697-832-5258,WBAPL5G58BN345283
PB-163153-35-82,Marketa,Crosfield,6330 Thompson Trail,454-701-5900,WBAGN83454D819790
ND-334011-04-58,Rodolfo,Bygott,6742 Troy Drive,942-584-9064,2B3CJ5DTXAH589939
SQ-312805-16-25,Taite,Fraczkiewicz,5151 Lillian Drive,696-806-6629,KMHHT6KD8AU358563
YW-482285-67-14,Val,Ginn,32 Di Loreto Crossing,573-137-4268,WAUDH98E87A303480
IW-088428-85-57,Gunar,Groombridge,3403 Tennyson Way,630-272-1048,WBAFU9C59DD110597
HG-210456-11-57,Tonye,Kumaar,8723 Commercial Hill,382-513-2975,SAJWJ1CD8F8454522
KJ-838621-45-96,Theda,Wilkowski,8 Ridgeway Crossing,876-169-7009,1N6AF0LX8FN417970
XM-711798-93-75,Morena,Le Franc,7 Ridge Oak Alley,466-430-6787,JH4NA21651T473201
DT-519571-35-00,Abagail,Loren,18 Moland Circle,285-669-6089,3D7TP2CT9AG501711
HD-039412-70-83,Raddy,Pabelik,120 Manley Hill,684-411-4717,TRUDD38J591488539
AQ-811178-74-21,Wileen,D'Angeli,15 Coolidge Street,563-756-8901,JH4CU25669C215323
JU-905950-30-11,Lucilia,Wreak,130 Donald Way,232-387-9727,1G6DK5EG6A0590627
NC-121125-30-30,Elmo,Opdenort,778 Blackbird Avenue,584-428-5755,JN8AZ2ND0F9832870
OP-986995-13-99,Waneta,Shapiro,54472 Springs Avenue,681-717-1276,4A31K2DF3BE167139
FW-405372-74-70,Binni,Dodsworth,2274 Rockefeller Court,922-560-7940,19UUA9E56EA343616
IC-192252-39-68,Mariya,Cuffe,58 Bobwhite Junction,120-972-9211,1FA6P0G73E5016461
JT-372876-78-57,Deidre,Lashley,5297 Charing Cross Hill,493-729-9537,1C3BCBFGXDN146435
HZ-459616-37-27,Terrel,Topley,66345 Mayfield Terrace,792-633-9315,JM3TB2MA3A0610165
WU-091822-60-57,Corrine,Kubanek,2860 Shopko Pass,821-955-3654,KMHEC4A45FA138007
CX-101068-04-46,Kelby,Hugett,266 Vahlen Street,747-967-0830,JTDKN3DP1F3094237
US-902380-96-38,Briggs,Harefoot,698 Mosinee Terrace,491-992-6554,JTEBU5JR0D5739655
OV-546390-81-36,Derick,Radleigh,0 Esch Center,304-633-7818,WBAXA5C50ED678776
RA-017722-43-33,Hieronymus,Kilban,77740 Sunbrook Lane,272-181-6672,2C3CDXEJ6CH508988
EE-101682-51-06,Valenka,Woodcock,065 Annamark Avenue,545-620-7725,5UXFE83548L614205
CT-311783-47-42,Alva,McCarl,228 Monica Drive,799-514-0816,WA1YD54B32N735796
HA-375321-78-97,Itch,Luxen,164 Morrow Alley,934-747-9923,1G6DM5EV2A0348166
PM-593536-92-52,Vanya,Metson,0633 2nd Parkway,602-450-6721,WAU3GAFC1DN558722
JX-468863-80-26,Judye,McClancy,400 Logan Crossing,966-797-6589,1G6DJ8EV9A0452034
JE-618431-78-28,Cordy,Roony,9 Mockingbird Terrace,643-110-7662,1N4AL2AP4CN602478
PP-164916-27-21,Janaye,Mollene,378 Northridge Junction,167-501-4682,2FMDK3KC0AB516940
LA-544749-79-04,Clea,Churching,6393 Almo Avenue,475-166-6520,WVGEF9BP6DD338290
KJ-949536-75-34,Noel,Indgs,0761 Westridge Place,256-252-4510,1GYS4BEF0CR152814
YH-780868-97-78,Frederigo,Krauze,32753 Goodland Lane,922-118-3616,YV126MFK0F1670166
BL-260232-89-35,Matteo,Sprowle,407 Hagan Place,836-835-1902,2G61R5S31F9569908
JI-807402-13-18,Vickie,Point,2521 Spohn Park,143-442-8450,WAUGGBFC3DN925837
PT-583356-13-88,Mia,Grabbam,1 Mitchell Plaza,648-615-4789,WAUWFAFL0BA214092
OX-291261-94-32,Harriot,Slingsby,19 Anthes Street,791-944-5077,W04GV5EV0B1605810
EV-126866-44-23,Dylan,Starkings,39 Kinsman Park,775-786-9666,SCFFDAAM5DG177065
OR-687015-00-38,Cecily,Heindrick,1865 Mallory Circle,629-540-3239,5YMGZ0C50BL359532
GE-883677-02-01,Fan,Oldacre,377 Granby Place,114-336-3502,2HNYD2H28CH947550
AM-985442-11-26,Edouard,Sneller,6303 Northwestern Street,421-914-9995,1GD22ZCG2CZ089372
KS-547385-84-00,Welby,Wibrew,173 East Avenue,328-964-3111,JTDKN3DU7B0461899
II-606031-94-36,Tess,Macoun,6 Twin Pines Place,712-135-6859,3VW4S7AT6EM032501
KB-042782-59-42,Onofredo,Gladdifh,6586 Main Lane,918-414-2987,WAUNF78P86A640360
NA-943074-98-64,Harlen,Witch,2 Lakewood Gardens Hill,304-918-8761,1C3CDFCB7ED877462
TA-335628-11-50,Wallis,Tong,36930 Bunting Parkway,259-650-5838,WBAEK73474B936566
AV-064378-24-55,Dev,Mattingly,38 Maywood Way,344-952-6812,1G6AW5SX8E0312295
ZM-668507-02-21,Shellie,Spaughton,9125 Golf View Plaza,895-436-2376,1FTWF3B50AE906489
LC-983225-22-58,Sharona,Lundie,859 Butterfield Circle,565-506-6490,4USBT33414L083937
ZY-599505-68-64,Anett,Enocksson,90097 Tony Crossing,191-894-7137,WBAFR7C54BC249612
IB-020955-90-04,Jemmie,D'Ambrosio,90 Merrick Place,494-341-3872,YV1672MKXB2211513
DF-381112-07-61,Elisha,Romao,495 Scofield Circle,751-520-7711,NM0KS9BN1CT962954
XF-701964-09-24,Lavina,Fend,92 Beilfuss Way,116-102-5011,WAUBNBFB0BN478694
HV-713294-46-12,Gretchen,Tedman,035 Monica Court,327-605-8972,YV140MEA8F1949724
DW-087752-56-89,Thomas,Magovern,992 Transport Lane,153-636-5552,1G6DL1E34C0562704
XV-464208-57-43,Wolfie,Wetherby,045 Spohn Point,212-396-4219,1FTMF1CW4AK673091
KE-409063-34-47,Lynnette,Liptrot,7 Bayside Alley,960-320-8926,KM8NU4CC1AU817376
GL-291316-55-07,Florrie,McLaren,957 Montana Place,582-638-8552,1D7RV1GP3AS900520
EH-691342-65-96,Midge,Cady,26 Dayton Point,296-545-4001,WBADT43422G938099
YN-706080-88-29,Porty,Theyer,88 Hudson Center,351-730-6451,WBAEA5C55AC553487
ER-829250-31-45,Alma,Bickerdike,40361 Packers Court,192-593-1520,3GYFNBE3XFS617024
HC-508367-99-12,Glen,Doram,423 Anthes Alley,746-559-2264,JTDKDTB32D1554940
VV-141868-84-29,Andriette,McClary,68 Sundown Hill,114-530-4607,WBAEV53484K898891
FB-939647-59-63,Philip,Braams,45 Tennessee Point,259-782-2900,4T1BD1FK9CU463761
LC-818059-98-72,Chelsy,Kitchenside,1 Northfield Center,403-662-3198,1G6DP567550453443
SW-226881-68-34,Rozamond,Gannan,319 Canary Center,354-691-3059,2B3CL5CTXBH922203
JS-999950-73-94,Bili,Conrad,01853 Everett Hill,422-876-9848,WBA3B3G52EN108508
AL-263675-37-99,Maribelle,Van Leijs,30 Orin Plaza,997-824-2898,1FAHP2DW5BG641735
EG-735669-96-85,Lindsy,Barth,648 Esch Parkway,995-525-6012,3C4PDCEG3FT961102
VD-246538-55-08,Hendrika,MacCumiskey,1400 Morningstar Place,296-459-4569,JA4AD3A36FZ593218
XI-105869-40-09,Umeko,Jarad,01 Ronald Regan Road,782-851-8528,JM1NC2SF1F0028893
TJ-160583-68-65,Maia,Iacobo,432 Dayton Street,173-130-5030,WAUVT68EX5A242857
XT-919441-23-89,Rufus,Sears,81 Summer Ridge Avenue,319-803-6824,JN8AS5MT7DW340723
AM-745020-04-55,Vevay,Surby,08 Katie Way,751-423-8175,WVGEF9BPXED563636
LM-246677-11-97,Leroy,Prene,4 Jenifer Crossing,962-971-3301,3VWAL7AJ8AM081577
NL-199942-34-07,Ky,Lebreton,2 Ludington Hill,658-327-8457,3MZBM1L78EM732003
SN-433219-45-90,Cassandra,Brundale,146 Karstens Pass,718-959-0029,JN8AZ1MUXCW351212
KJ-015592-80-58,Anitra,Crust,6565 Ridgeview Plaza,987-961-9423,1FTNF1E83AK320344
ME-903949-68-92,Art,Stirtle,40518 Homewood Circle,338-741-6787,2G61P5S3XF9158576
OV-389388-43-45,Ellsworth,Cantos,22968 Rowland Way,332-217-9542,1FTWF3B54AE271549
HI-562276-10-68,Darcee,Behrendsen,0319 Stuart Parkway,108-477-4624,JH4NA21614S629583
GO-074343-94-11,Flemming,Bollini,4906 Jay Hill,214-962-6199,2LMDJ6JK5DB356708
IX-120679-36-23,Ysabel,Aldous,0525 Huxley Court,914-832-0277,3MZBM1K7XEM529924
KE-727527-25-48,Salomone,Brabyn,91920 Mallory Alley,827-446-6232,WA1LGAFEXCD878530
ED-169010-63-24,Olly,Hugill,1843 Melby Lane,139-723-9848,5UMDU93476L385701
VV-306821-11-19,Dayle,Bentall,0925 Buhler Avenue,333-509-6300,KMHTC6AD8EU479143
BJ-936449-39-12,Jacki,Raggles,8380 Westend Avenue,764-182-4267,JTHFF2C27D2730420
GB-065711-61-70,Sigfrid,Horder,1862 Bluejay Court,906-865-3227,3C6TD5HT9CG887098
AO-826901-01-48,Sargent,Gallard,19 Messerschmidt Crossing,856-801-0364,KMHGH4JH4EU316306
CK-169136-31-13,Arlena,Tattersall,0906 Main Avenue,793-301-6559,WBAYB6C53FD617236
AO-801297-80-22,Kean,Fawdrey,514 Portage Avenue,722-776-9087,1G4HR54K324676502
EY-414529-30-87,Carlin,Clutram,279 Bashford Parkway,552-118-8077,1G6DA1E35D0727215
MQ-912615-44-54,Guillaume,Jaulmes,9 Buell Pass,318-547-5445,5FRYD3H25FB513252
RX-797953-05-18,Ive,Fandrey,87973 Stang Place,329-963-8625,JM1NC2MF7E0692398
OF-600616-13-73,Farrell,Pennetta,7274 Ridgeway Avenue,629-959-8511,19UUA66244A309451
FW-408540-27-30,Rey,Thurby,2 Vahlen Place,236-356-5802,1G6DE8EY3B0252010
QK-452786-54-69,Felix,Goodbarr,50620 Susan Alley,102-893-6791,WBABS53493J213166
WM-835041-41-91,Martica,Jennemann,88 Badeau Park,242-578-8247,JN8AE2KP2D9724452
UI-770225-17-06,Aimee,Stannard,935 Carpenter Circle,206-559-5060,WBSKG9C56DJ840003
SO-433569-50-72,Hayley,Greally,82193 Reinke Avenue,183-187-3071,WAUWFAFR1EA523594
RA-694699-25-56,Putnam,Edmonstone,05725 Armistice Junction,138-366-7607,WAULT68E03A457202
VD-497818-86-71,Augustin,Ibanez,2 Haas Trail,215-456-8218,WDDGF4HB9ER143340
OD-860759-77-47,Frederigo,Brownhall,0118 Gulseth Court,633-101-1972,1GT3C0BG0AF528649
TF-469891-07-06,Perrine,Bound,59319 Bashford Park,331-374-3169,WA1WKBFPXCA219190
JT-049932-70-73,Biron,Michieli,501 Manitowish Hill,273-612-5343,JN1AJ0HP3BM400510
MM-581256-92-33,Alanna,Boyat,322 Maywood Plaza,508-891-1262,1VWAH7A33DC866355
ZP-389822-90-09,Jaime,Courtois,37049 Colorado Terrace,924-696-2096,WAUFFBFL2BA162745
YZ-535344-31-49,Murielle,Androsik,764 Fallview Lane,684-987-2776,1GYS4CKJ2FR430809
XK-411782-13-57,Sheffy,Domingues,26698 Spohn Hill,389-384-9725,5GAKRBKD0EJ408446
NB-026203-81-69,Emmeline,Pladen,45 Colorado Center,927-783-1767,5J8TB3H35FL839237
TZ-923247-60-24,Tiebout,Wollard,6 Bultman Pass,476-544-9158,JH4KA96524C046879
AG-298863-21-59,Liva,Bynold,3981 Farmco Point,778-325-2029,JTJYWRBZ1F2186918
YD-825265-72-78,Jeromy,Riccardelli,21618 Dwight Terrace,915-412-3853,WBA3B1C54F5338143
MX-752313-50-09,Helenelizabeth,Albarez,8581 American Ash Trail,345-140-3031,5FNYF3H26AB805674
TK-159630-96-38,Ignaz,Muddimer,4 Fairview Way,508-275-9156,1B3CB5HA2AD052825
FM-406529-25-53,Karla,Comi,241 Prairie Rose Court,424-820-9890,ZHWGU5BR5EL744816
KM-302276-28-38,Brenden,Fawdrey,66 Norway Maple Parkway,803-390-5097,3GYFK12299G466537
DP-176942-09-20,Ines,Blowne,578 Golden Leaf Avenue,668-856-0301,5TFBY5F12AX177740
KS-789257-17-93,Meghann,Laurenzi,8 Bayside Place,458-397-2278,1GYFC43529R568706
WJ-166740-95-60,Mab,Rougier,7314 Dryden Place,256-599-2561,YV4960BZXA1748135
CL-510626-78-83,Marylynne,Marval,80472 Caliangt Crossing,181-318-0917,3GYEK63N23G332008
GZ-023146-12-91,Lindon,Lidstone,02843 American Center,250-225-2225,3GYFNFEY5BS929314
UK-033842-54-94,Titos,Thomelin,80 Meadow Vale Drive,596-165-0225,WAUEF98E08A427819
BK-868284-43-61,Cicely,Spawforth,68242 Scoville Pass,566-468-3461,1YVHZ8BH4D5172139
EJ-713045-44-33,Sher,Radband,5 Oriole Place,311-116-5051,KNAFT4A29C5901493
AE-884973-38-90,Ced,Whatling,469 Hazelcrest Hill,974-961-5145,1GYFC26269R453306
BE-996469-73-18,Courtnay,Gilcriest,974 Declaration Terrace,261-738-7957,SCBBP93W39C589620
LS-376531-32-66,Urson,Pepall,9 Mariners Cove Drive,687-183-3399,ZHWGU6BZ1CL586767
WX-554440-18-08,Coleen,Wheeliker,753 Melrose Crossing,590-691-6375,KNALN4D72F5272510
JC-311330-91-70,Stefanie,Reaper,5 Lukken Plaza,947-565-2825,3D7JB1EK9BG215413
TS-969438-22-82,Edie,Domange,219 Fieldstone Point,343-464-0660,JH4NA21604T433015
RL-974043-76-44,Alfonse,Gillett,11 Kennedy Junction,689-599-3116,WA1WKAFP0CA247557
SB-023394-08-50,Anne-marie,Matuszewski,2500 Mariners Cove Drive,957-639-0229,JH4CL95884C375502
ZU-587864-79-34,Aldis,Drakes,27426 Merchant Avenue,482-939-5660,JH4CU2E69AC955582
IF-206867-20-62,Albrecht,Pentony,09 Dunning Center,331-734-9493,1GYS4CKJ2FR761437
YA-008940-46-39,Chrystal,Mardlin,79307 Fieldstone Point,293-869-1247,WAUGL98E75A088232
AO-664802-08-67,Rorie,Rhymer,508 Tennyson Plaza,102-842-9718,3VW217AU0FM361019
TR-179855-55-00,Fredelia,Kobsch,78767 Thackeray Drive,945-506-9900,WBAYF4C53ED959180
KY-085761-71-63,Asia,Ferrucci,1 Mesta Center,557-882-9917,WAUVC58E62A584330
NN-919764-91-29,Tonye,Aisman,82 Homewood Trail,191-632-3121,1HGCR2E38FA203689
TX-661996-03-64,Carolin,Andreas,40 Del Sol Alley,561-430-3392,WAUAFAFL5DA978601
LC-214110-61-44,Mycah,Melling,992 Paget Place,464-512-6175,JN8AE2KP3E9538663
QY-911665-62-07,Bran,Di Francesco,65607 Ramsey Trail,655-673-0178,TRUDD38J691402820
RF-290594-09-41,Roma,Lintot,9 Dexter Parkway,114-362-4209,1GTN1UEH5FZ294007
EV-298534-72-14,Jacky,Boldry,05756 Bay Way,953-632-7244,1GYFC36299R003056
JH-976272-29-78,Pauly,Kissick,090 Michigan Point,947-924-2680,WBALY1C59ED542715
MG-606373-73-33,Lisha,Bockler,35517 Clemons Way,328-491-4214,1N6AA0CC5BN577052
GQ-016500-35-89,Ivonne,Whenman,60 Graceland Court,864-786-0341,4A4AP3AUXEE869517
SB-419951-10-18,Howard,Wigglesworth,93148 Oak Valley Street,101-509-3192,WAUDH78E46A610924
FU-483680-88-74,Brett,Dumphry,22336 Larry Terrace,803-717-2120,1FTMF1EW4AF517851
HJ-473413-30-43,Dyana,McLay,27837 Dunning Drive,127-891-1615,WA1LYBFE4AD110302
LO-521158-92-17,Wesley,McShea,7 Ryan Avenue,247-359-4640,WBAUP9C55AV028824
DX-967938-32-35,Georgette,Dobrowlski,497 Mitchell Parkway,950-814-8560,4JGBB9FB8AA031455
BE-156341-86-58,Rod,Dilon,8 Packers Hill,806-176-0264,1FT7W2A66EE564125
QK-020695-30-23,Kendre,Blasgen,49652 Roxbury Street,121-192-6474,WAUBFCFL4CN954765
FW-545213-36-15,Nathalie,Eddie,401 Mallory Center,572-683-1564,1G6AD5SX2D0001546
CV-679258-30-06,Christean,Morhall,8790 Killdeer Terrace,128-621-2118,5XYZG3AB7BG967416
CZ-935295-53-16,Camey,Rooney,903 Welch Court,353-955-9640,1FTEW1CFXFK077494
IH-832109-39-91,Morgana,Le Pruvost,29937 Springview Junction,410-554-5826,WBAXG5C58DD447640
JZ-677448-54-94,Konstantine,Blissitt,5 Vernon Center,568-370-9908,WA1LMAFE9DD614371
PK-746812-95-47,Jasun,Paylie,419 Evergreen Plaza,859-610-4840,WAUFFBFL2BN587018
MD-815747-49-62,Hadrian,Byng,7 Golden Leaf Park,890-208-2966,1G6AB5RX6F0825600
TD-385976-36-77,Marlo,Catterick,184 Karstens Center,231-143-5669,KNADM4A31D6383758
CX-969005-59-98,Alika,Aubray,626 Granby Circle,934-762-3599,WBAUC73549V213488
DP-205933-16-34,Hobard,Bernakiewicz,6637 Gale Way,294-999-9474,1FMJK1F53BE469931
OO-724510-92-82,Inessa,Neasam,0 Acker Pass,276-620-1583,KMHFC4DF6BA673407
PJ-289919-37-57,Francoise,Langworthy,387 Manley Court,169-800-1700,SCFFDAAM1EG012146
NI-683289-84-16,Elfie,Abrahamowitcz,2 Kenwood Plaza,544-787-2603,2C3CDXHG0CH946373
RK-364568-72-96,Tamma,Noon,731 Crest Line Avenue,550-466-4850,5FRYD3H95GB945788
XC-127958-41-42,Griffie,Johnys,81898 Paget Hill,569-183-8882,1FTNF1E88AK441788
ND-111069-55-23,Sari,Keeble,9 Manitowish Place,271-277-0030,1GYS4CEFXDR907412
GM-208966-11-42,Duff,Fautly,6323 Little Fleur Avenue,645-453-6430,1G6DA1E38C0036694
DV-794549-20-42,Allianora,Mattisssen,3248 Basil Circle,264-272-5951,WAUSF98K49A252114
RM-853327-08-58,Druci,Bennoe,4 Cherokee Circle,624-727-5825,1FTEX1CM2BK077690
WX-374204-74-16,Bryce,Coulson,10677 Mariners Cove Lane,897-295-5720,WBAET37414N171689
HT-670528-77-06,Maybelle,Zecchinii,21182 West Terrace,453-639-2792,WAUYGBFC1CN395399
FE-137541-22-08,Carolan,Slegg,1539 Carberry Terrace,215-521-4397,WAUEF98E97A550324
ZE-503571-15-41,Laverne,Yeulet,4 Kings Alley,940-514-7032,2G4WE537351673759
VP-860956-43-42,Xerxes,Jeannot,393 Maple Wood Street,246-826-6583,19XFB4F26EE607510
NM-464104-75-06,Isabelita,Arrell,44404 Burning Wood Terrace,828-559-9867,1HGCP2E46AA563633
ZH-343379-96-56,Burlie,Frangione,2 Twin Pines Court,657-736-3090,WDDNG7BB4BA733244
ZY-570922-50-22,Waverley,Hyne,5 Mosinee Pass,601-446-0987,JN1BJ0HP1DM463810
NG-370640-79-08,Conrado,Logg,6 Dorton Hill,743-144-2280,WBAYA6C57ED373964
CL-450159-63-32,Tabatha,Linham,565 Union Crossing,933-412-7136,1N6AA0CA0AN473534
JP-349867-49-26,Elwyn,Sola,84426 Fallview Pass,138-291-2421,JN8CS1MW2EM482910
DY-415989-78-21,Keary,Jeandin,3969 Anhalt Hill,742-495-8241,WBA3T1C50FP959557
HP-070929-21-19,Silvio,Morrison,027 Maple Avenue,622-187-0706,NM0AE8F73E1259377
YE-809575-79-93,Chlo,Coxhead,096 Oakridge Hill,880-413-3518,5FRYD4H67GB310499
VH-788403-54-42,Anita,Turvie,7464 Delaware Point,356-650-1371,WAUAC48H25K975749
TB-863480-11-89,Vasily,Flather,77 Washington Crossing,655-130-0007,WAUKD78P69A824869
KG-220228-26-98,Jorrie,Sellen,32 Jana Road,730-885-0668,WAUEF48H17K356958
QV-312150-01-13,Carmella,Parsley,5 Knutson Point,775-159-0411,JM1NC2MF7D0843996
NP-771687-07-36,Vickie,Doody,25303 Gulseth Terrace,646-658-7011,YV4952CYXC1018250
HX-895923-80-11,Otis,Kittow,0818 Colorado Plaza,516-266-3681,3VWKZ7AJ3BM235021
WI-172916-89-16,Emeline,Landman,92 Summit Lane,238-996-1278,5N1AR2MM9DC032383
TO-631220-49-62,Mallorie,Mauser,03258 Tennyson Park,845-776-9415,WP0AA2A90AS095028
PV-880729-82-80,Morena,Wretham,193 Schurz Court,446-161-0517,WBAWV13557P983622
AI-921583-50-12,Gauthier,Leftbridge,6788 Marquette Street,792-792-1889,1D4PU7GX3AW063061
UA-430825-21-17,Jay,Chittim,5050 Rieder Point,258-415-8635,1FTSX2B58AE648518
HJ-843388-84-53,Donna,Mack,63891 Crownhardt Place,795-484-0418,WBA3F9C53FK108551
NQ-127651-06-78,Ebeneser,Vaines,9 Burrows Way,432-190-9291,JH4KA96571C077671
QP-523509-39-60,Ferdinanda,Beedle,6 Northland Center,661-577-8100,JA4AS3AW9DU346589
IP-742374-64-68,Henriette,Moxon,4711 Dixon Point,207-266-2948,TRUWT28N711109635
DI-317950-97-42,Concordia,Grestie,5 Division Parkway,624-921-5965,1FTWX3A58AE985375
BT-475368-06-12,Darci,Southey,9 Derek Hill,113-563-6390,WVGEF9BP6FD935944
GF-864520-81-02,Guido,Scud,3 Jenna Road,738-212-8704,1VWAH7A32DC683030
ZU-931780-69-92,Beale,Tribe,9 Clyde Gallagher Point,112-945-7283,2HNYD18216H460267
JK-054318-59-43,Richy,Muckleston,91 Nobel Avenue,986-596-3746,WAUVC58E05A274775
FM-489496-19-57,Giffie,Hakking,01 Lake View Park,938-653-7611,WBSBL93423J568261
YY-813617-22-53,Hastie,Widmoor,96 Thierer Parkway,668-810-9546,1FTNF1E89AK741730
DC-198142-58-87,Jaye,Heibel,71335 Crescent Oaks Hill,340-767-1418,2C4RDGCG0DR673282
IK-845305-22-09,Vonnie,Crankshaw,352 Susan Way,661-732-8997,WAU3FAFR0AA447072
SL-078334-85-16,Samara,Jaynes,4240 Becker Center,828-867-8554,JN1CV6FE5DM654773
GG-154610-94-03,Colver,Heindrich,093 Green Crossing,354-985-6827,1B3BD1FB6BN954447
RC-854773-36-48,Damien,Jasper,042 Wayridge Road,697-952-8522,5NPE24AF1FH568991
WL-162376-73-84,Stormi,Orrum,874 Parkside Drive,922-253-0086,WAURVAFD9BN223343
GO-048223-01-22,Filide,Woodstock,1096 Rieder Parkway,278-533-9770,WBALM7C51EJ476922
TT-186732-02-48,Lorenzo,Hurdwell,7758 Merry Parkway,340-659-8208,WA1YD54B25N707797
DG-112848-42-57,Roger,Edser,09375 Tennyson Parkway,369-896-9723,5J6TF3H38CL872970
SH-786047-25-57,Parker,Fleeman,82080 Vidon Street,702-744-5800,NM0AE8F75E1474355
RX-925262-99-42,Braden,Crombleholme,287 Express Plaza,864-533-5599,WVGAV3AX1EW336808
GA-034540-05-10,Bernadene,Mohun,9384 Gateway Drive,440-695-1440,JN1CV6EL7FM449801
LH-934826-43-21,Addi,McNalley,34691 Atwood Plaza,673-217-7965,1C4NJPBA0FD892978
FN-363296-62-67,Irwin,Jouannot,4 Fisk Plaza,322-950-5538,1N6AF0KX1FN130682
IC-851056-76-99,Christye,Nuemann,1 Thackeray Avenue,693-875-3003,JH4CU2E69BC149856
EU-821136-60-79,Carrissa,Scallan,39734 Sauthoff Terrace,746-722-8754,1GYS4EEJXDR044305
PB-324577-61-18,Mitchell,Blois,80 Derek Pass,650-327-8819,1FMJK1H54DE081073
GL-366348-74-02,Cass,Cogswell,889 Meadow Ridge Terrace,901-376-1868,WAULT64B13N297125
AH-224719-13-71,Gigi,Johnsey,8141 Prairieview Avenue,708-608-6137,1G4CU541024059817
CT-550533-34-04,Lucine,Schanke,2866 Clyde Gallagher Park,182-603-9956,2B3CA4CD1AH574721
ST-125988-39-79,Toby,Glasby,4337 Acker Road,913-888-1327,1G6DM1EDXB0049297
SI-637206-69-38,Katherine,Pyson,65808 Declaration Point,203-543-1971,1G6DL5EY4B0502407
OO-857056-84-06,Kati,Dinis,5 Redwing Drive,181-410-9332,WAULT58E83A543240
QR-170672-75-97,Shay,Cano,9 Red Cloud Point,661-885-7773,KL4CJASB6DB314092
SM-230393-21-72,Barret,Toman,979 Victoria Drive,805-543-7619,1GD312CG2DF428178
SD-654041-00-56,Stephanus,Whetland,630 Debs Trail,466-545-6407,1GYS4BEF7CR598264
NF-120409-79-05,Barry,Buey,51161 Lakewood Gardens Circle,136-492-2218,1G6DU6EA6A0460486
FO-026630-01-63,Wyatt,Ogbourne,5719 John Wall Pass,926-346-0549,JH4CL95926C249065
GM-337375-43-85,Waldemar,Cattach,4439 Kings Avenue,958-861-0107,1FTMF1E87AK298134
QZ-283963-50-10,Benedicta,Chree,0534 Grasskamp Junction,239-526-3446,WDDHH8JB0FB120202
DO-641633-13-81,Ailis,Linnard,58 Coolidge Junction,879-874-7795,SCBCP7ZA9AC844957
OU-574558-50-05,Ulysses,Shannahan,889 Morning Parkway,133-541-9764,1GD12ZCG2CF618185
CQ-701915-08-36,Jervis,Jodlkowski,88 Bunting Plaza,831-852-7037,WBAYE0C56ED235771
TV-647232-22-43,Natalie,Chattell,3 Ramsey Circle,942-263-7874,2G61R5S35E9522038
MD-179212-60-09,Leelah,Hackworthy,7 Caliangt Road,339-859-9171,WDDHF7GB4EA260488
VU-974620-75-90,Brana,Hentzer,033 Pawling Trail,269-818-9436,2T1BURHEXEC492163
JC-676844-44-88,Darius,Borleace,5 Orin Junction,852-942-2180,3D73M4CL4BG269332
OR-068975-31-06,Branden,Jouanet,6 Hoepker Terrace,419-417-4878,1FTMF1C89AK393488
LR-135465-17-15,Hewett,Le Barr,873 Pine View Plaza,544-793-9212,WBANU5C55AC716405
DB-780973-55-18,Lauren,Skivington,3 Bellgrove Lane,971-694-1476,YV4952CY3C1760957
WV-094010-65-27,Camala,Beekman,7 Onsgard Pass,642-888-2973,1D7RV1GT9BS140608
CM-713601-40-39,Thaine,Ketteman,53 Bonner Pass,316-465-4825,5TDDK3DCXFS675202
FI-164974-77-33,Marve,Swarbrigg,5319 Barnett Alley,859-172-6341,JN1CV6FEXEM427385
AX-649409-73-63,Hurley,Dolligon,4781 Pankratz Court,208-789-4656,SCFFDCBD5AG258251
YR-267485-17-16,Whitney,Chilvers,5 Moulton Hill,417-830-7585,WBAEN33413E414691
ZQ-918754-53-84,Neysa,Culpen,37 Forest Dale Park,210-570-4299,JTEBU5JR4F5629470
SI-865940-29-61,Gusella,Garratty,2420 Marquette Terrace,689-703-6808,3GYFNBEY6AS841153
JX-905749-72-30,Robbie,Foucher,88 Northport Lane,343-933-3365,WA1YD64B83N103884
BY-389304-78-59,Jared,Standfield,50 Garrison Plaza,386-635-5104,WBAWB73548P814494
GG-304604-14-27,Chiquita,Cohane,189 Birchwood Junction,281-766-1603,1C4RDHEG8CC240299
CM-567873-84-53,Lynett,Witten,09 Golf Hill,161-906-5592,WBA3K5C52FK367262
WW-481194-58-10,Eziechiele,Masi,1047 Homewood Pass,955-449-0226,SCFAB02A07G666900
RH-944944-89-93,Rubia,Whiskin,25 Eggendart Park,131-926-4602,YV1902AH5B1182518
KJ-777615-04-21,Guillemette,Guidoni,77549 Vahlen Parkway,142-362-1936,WA1CGAFP8EA370272
KE-799958-08-31,Doy,Diggin,86 Northridge Center,425-117-0415,1N6AD0CW2EN414722
DS-159889-12-22,Sonnie,Moreno,64 Erie Junction,943-133-4825,3N1BC1CP4CK367045
OC-687525-36-98,Kelley,Dollen,881 Bartelt Point,214-153-6621,WVGEF9BP0DD262145
LH-183243-55-61,Ahmed,Styles,41 Golf Drive,276-764-8440,3C3CFFAR1FT214278
BL-054493-38-42,Jerrilyn,Pietrowski,847 Northwestern Court,449-810-3095,3D7TT2CT5AG939279
SK-971688-99-16,Curr,Gallamore,0408 Kropf Point,539-576-8863,JN8AZ1MU7CW529934
DE-294885-33-99,Dewain,Blazdell,6364 Ridgeway Trail,901-188-8861,KMHDB8AE5BU045379
HD-956417-84-68,Lenna,Ondrasek,6 Milwaukee Trail,647-466-2140,WAULT68E35A938094
XK-126955-64-26,Zackariah,Longthorne,137 Forest Road,290-462-4416,WA1CFAFP2DA108393
ME-455712-19-58,Audrey,Jenoure,9390 Vermont Road,686-767-4993,SCFBF03B47G485122
NQ-380619-82-54,Mahalia,Huton,660 Lerdahl Lane,520-519-9795,5N1AR2MM3FC315770
BH-733223-48-22,Rhonda,Umpleby,16 Everett Alley,864-681-6774,1N6AA0CA5DN378441
KB-690326-61-71,Henri,Forde,73858 International Alley,714-522-6982,5TDBK3EH7DS945582
DN-167110-08-21,Ninetta,Phinnessy,0873 Scofield Drive,130-634-9924,5GAKRBED8CJ130078
KM-491268-13-88,Diane,Lording,71757 Evergreen Drive,748-876-0157,2T1BPRHE7FC881741
TM-637569-12-53,Gipsy,Trousdell,9702 Nobel Park,147-746-4962,WUAGNAFG1CN430902
PG-830401-42-24,Jenni,Leppingwell,0 Continental Court,907-408-9600,WBAKB0C54CC660570
TZ-515424-31-04,Madelene,Fessier,073 Mendota Drive,676-213-3454,WBADN53412G021056
DE-531349-58-89,Chalmers,Leadley,17 Golf Avenue,965-553-0060,1G6DF5E53C0494928
ZA-128251-21-66,Lucretia,Coats,88128 Tennessee Drive,418-461-0382,WAUDH78E46A418242
PL-145935-06-29,Wesley,Plumm,92641 Carberry Crossing,503-966-1015,4JGCB2FE2AA341090
ME-685085-82-06,Frederica,Coomber,34 Ryan Plaza,188-481-4683,5N1AA0ND9FN548437
UT-312900-64-50,Stanly,Vidyapin,8 Express Parkway,372-670-2139,1FTSW3B55AE883855
IO-351217-49-73,Romeo,Chiplen,6 Novick Circle,410-740-3288,WBA3C3G58EN924765
OV-422279-26-03,Tomkin,Baudinot,4 Dawn Lane,142-626-2049,1B3CB4HA8AD798870
YS-616636-42-47,Miner,Ferriere,13 Blue Bill Park Plaza,562-894-1534,WAUNF98P86A615096
UZ-603698-86-74,Darsie,Labern,26 Schiller Parkway,990-562-4240,YV1622FS8C2491963
UG-875270-27-82,Vasilis,Martel,605 Claremont Plaza,213-108-2509,1G6DS8ED0B0808781
ED-557958-80-98,Milo,Grint,32278 Ruskin Drive,875-328-3658,2HNYD18835H438080
JN-032410-19-05,Edi,Sharville,746 Becker Circle,748-372-6504,WBAVT73507F362332
BZ-033939-64-09,Rowland,Label,20591 Texas Point,671-113-2794,19UUB3F58FA424806
EU-599281-88-62,Letitia,Trynor,32 Fairview Parkway,957-537-4909,SCBBR9ZA1CC665154
JY-047476-43-32,Tan,Dauncey,254 Kings Crossing,270-591-3958,1LNHL9DK1DG195884
FI-057057-98-88,Wynne,Fumagall,8348 Elka Road,416-236-5120,JH4DB75581S403995
JI-063531-92-34,Britta,Rentoul,6863 Katie Crossing,936-573-9867,YV4952BZXE1080695
YF-139541-81-68,Emalee,Upfold,026 Cordelia Street,912-716-5959,1FTWF3B51AE509101
BI-881193-21-68,Hadleigh,Tyler,0797 Saint Paul Court,950-748-5199,5TDBKRFH1FS930175
UZ-923949-15-90,Bentley,FitzGilbert,02338 Fairfield Drive,384-479-7056,WBAVB73507F794244
PK-325801-23-06,Lebbie,Kirvin,3 Buena Vista Way,994-160-3436,WP0AB2A81FK527234
UR-397500-50-30,Richmond,Cadwaladr,7580 Esch Way,980-637-9019,5N1AN0NU7EN861618
VN-790842-16-26,Brenden,Leipold,723 Hauk Terrace,238-991-2422,WBAGH83421D092840
UX-842619-20-16,Alli,Mibourne,524 Harper Lane,874-972-4183,3C6JD6EP1CG606383
TR-288507-19-71,Gusta,Feast,1 Hoffman Trail,967-744-1102,WP0AA2A99CS436901
UJ-739940-74-07,Clare,Shute,57826 Columbus Trail,820-907-3906,5N1AA0NE4FN970706
VA-963134-22-38,Adlai,Hannaby,80971 Loftsgordon Plaza,112-166-8694,WBAAV33411F525604
DW-880297-14-69,Mellie,Shoorbrooke,69 Morrow Alley,872-614-2642,1FTEX1CMXDF501709
XF-692837-52-18,Wilmar,Alexsandrowicz,86 Onsgard Center,732-585-4000,3D7TT2CT1AG557055
LP-356006-31-61,Claudelle,Dikles,63289 Ludington Terrace,501-268-4926,1GT022CG7EF128724
TQ-581302-74-87,Cale,Ilyushkin,893 Main Drive,493-561-9061,WAUDH74F27N133564
KA-252594-19-47,Terence,Hovie,1 Talisman Center,911-565-4492,WBAEV33454K949008
IN-358893-53-43,Patrica,Pervew,67 Briar Crest Junction,529-722-8706,1G6DG5EY2B0599773
YP-944371-81-72,Jeanelle,MacGillavery,8712 Schurz Lane,314-485-8313,1C6RD6LPXCS511805
NG-752137-47-69,Hamlin,McGeraghty,724 Merrick Parkway,779-162-5775,3D73M4CL8BG672360
OG-678753-47-42,Brunhilde,Maurice,1215 Kim Drive,225-295-8491,1GKUCKE05AR975267
XM-764510-37-66,Dan,Laxtonne,591 Independence Road,482-495-6871,WAUVFAFR8AA247713
LX-700438-95-41,Alfie,Jeannet,8 Buena Vista Circle,239-516-7615,19UUA662X8A646468
EH-385456-90-70,Gabrila,Adin,79 Mesta Junction,483-855-3805,WA1UFAFL9FA204641
HO-166193-47-96,Valerie,Owtram,1671 Atwood Pass,514-584-5210,5UXFG2C51E0606440
VE-844014-25-20,Raeann,Minchinton,99030 Armistice Park,815-466-5675,5UXFF03599L757408
TW-924798-93-60,Leigha,Greenstreet,6445 Nobel Drive,533-752-5543,SCBBR9ZA4CC828069
JL-290177-32-77,Basile,Higounet,2339 Badeau Lane,893-963-9239,2C3CCAGG3DH038289
JD-283679-86-83,Taber,Gyngell,728 Pawling Parkway,404-845-7920,WP0CA2A84EK924074
OZ-400543-01-98,Jeremie,Merring,8 Hallows Trail,798-730-9998,1C3CDFCB1ED176304
QA-730709-74-46,Josiah,Rykert,400 Lakewood Drive,684-478-3179,JN1AV7AP3FM349071
SM-650304-49-78,Darryl,Duffyn,51749 Ronald Regan Place,852-435-3003,5FNRL5H22DB416415
PQ-773854-00-62,Ainsley,Tenny,93689 Rockefeller Street,357-693-6399,1N6AF0KY6FN374711
MS-452178-40-18,Sophia,Petters,979 Banding Park,955-841-2481,WP0CA2A87EK523831
UA-773401-17-32,Regan,Volks,49 Brickson Park Park,179-272-6211,2C3CDYCJXEH198629
RQ-872364-59-92,Aldwin,Arger,81435 Hauk Way,465-656-6086,WBSBL93486P556469
XA-042241-25-66,Kaine,Eighteen,7 Milwaukee Crossing,722-619-1549,3C63DPALXCG519647
SG-203448-93-86,Florencia,Quene,14 Stone Corner Drive,172-412-9498,1GYS3GKJ1FR731081
FZ-274239-15-82,Iosep,Perche,300 Colorado Court,224-346-4313,JA4AD2A34EZ960951
TR-688536-99-37,Joelynn,Bocock,473 Laurel Point,121-329-8099,WAUAH68D01A625059
RA-940382-43-47,Merci,Halfhyde,83 Mitchell Park,162-701-2695,3C4PDDGG4FT292065
OV-197483-36-04,Felipa,Ceresa,4 Moland Street,898-686-2322,WBAGL634X3D049546
SA-216209-51-04,Keene,Dunridge,908 Knutson Point,841-319-8965,2T1BU4EE3CC664473
OJ-562546-76-43,Lem,Toleman,17672 Old Shore Alley,947-648-2579,19XFA1E52AE073641
MO-250623-58-74,Teodoro,Uzielli,10417 Scott Center,239-774-3432,1D7RB1GT1BS763147
TN-029719-90-67,Stephani,Hinrichsen,91317 David Place,567-627-0840,JTDKN3DP0C3726737
HL-399037-80-57,Kev,Halgarth,3 Sauthoff Hill,823-820-6426,1FTEW1C85AK549918
PS-254454-72-84,Ailyn,MacRinn,3 Utah Crossing,284-780-4058,WBAVT13586K937506
FX-261151-67-97,Rance,Allred,73 Redwing Way,807-205-0088,WAUAF98E36A819351
JR-683560-71-13,Chucho,Skelton,4 Continental Way,321-488-3494,19XFB4F24DE684956
HW-755815-12-99,Mahmud,Payze,03 Duke Drive,995-120-0332,5FPYK1F60EB385526
HG-965610-64-54,Zandra,Drover,780 Barby Park,345-269-5660,JN8AZ1MU3AW150121
NY-785778-51-59,Lodovico,Tottle,12122 Goodland Point,638-989-1463,19XFB4F38EE811380
DV-791963-56-20,Beverley,Oldford,12918 Fair Oaks Junction,928-856-4871,2G4GT5GK7C9390496
DX-394494-36-24,Bo,Coumbe,30505 American Terrace,329-827-1712,WAUWFAFR1DA254740
RB-388351-90-13,Nero,Chaplyn,76 Eastwood Drive,911-110-8572,2G4WB52K431526099
OC-648203-29-28,Nathaniel,Rowcastle,0 Goodland Lane,499-516-5731,5FNYF3H42EB791344
WM-022591-28-87,Maryrose,Gianelli,28 Sutherland Point,623-314-9143,1GYFK63817R571196
GC-179412-08-81,Lyell,Bettison,233 Pleasure Park,169-517-4730,WBA3B1G59EN445889
FI-818123-04-17,Antonia,Digger,34 Cordelia Drive,284-715-0397,JM1NC2JF0E0445163
CD-458122-46-34,Anny,Luetkemeyers,99 Homewood Alley,940-305-1100,1G6KD57949U299080
AY-471548-13-74,Heidie,Warrick,564 Cherokee Center,620-872-9413,WAULF98K69N242603
WQ-773730-55-18,Sissie,Dabel,82488 Granby Plaza,369-133-3822,1N4AL3AP9DC316645
DP-316007-43-03,Valentina,Dun,051 Toban Road,511-500-3599,WAUSG94F39N403572
XA-977078-50-49,Basia,Kermannes,40324 Emmet Point,737-538-1052,3C6TD5FT0CG791850
BH-097333-77-04,Angela,Lamba,55 Lake View Plaza,409-795-5796,5N1AR2MMXEC930167
LA-343523-13-48,Bernadene,Eblein,29 Knutson Road,845-776-8230,1G6DK8ED1B0878855
GZ-215269-68-79,Tanya,Digwood,83 Bayside Street,257-584-8943,WBADX7C54DE976088
PL-813019-92-34,Hynda,Millea,421 Heffernan Way,325-555-6161,5J8TB1H21CA114592
XV-131153-51-81,Lisbeth,Kencott,138 Basil Street,363-926-1512,1FTSW2A51AE971734
EM-630820-27-52,Thedric,Bushby,26 Macpherson Pass,710-711-9588,1FBNE3BL3ED956221
NR-332773-22-41,Corrie,Braben,79 Pankratz Road,244-251-1805,WAUAH94F68N188986
LO-465887-52-08,Zitella,Peizer,59 Mariners Cove Road,676-291-6639,SCBBR9ZA1BC695284
YF-214800-70-45,Julie,Chomicki,5725 Stephen Parkway,933-559-7801,19XFB2F52DE399123
MC-667023-80-21,Jerrold,Binestead,17719 Swallow Hill,354-664-4448,1C3CDZBG6DN218862
DG-098923-35-76,Bastien,Lyle,58996 6th Way,978-570-8737,JTHBP5C24B5243720
MU-621852-59-70,Ty,Hawkyens,14705 Reinke Court,305-270-1587,1G6DX67D680958793
PD-631571-77-45,Marijo,Ledger,6 Bunker Hill Avenue,887-533-3405,WAUHFAFL2AA480656
BX-392969-60-35,Hailey,Stivey,6220 Anderson Avenue,350-249-3023,WAULH54B91N024720
XX-774541-56-88,Kristofer,Dayes,04 Meadow Valley Pass,747-679-2123,WA1LGBFE7CD795871
FK-214387-79-77,Maible,Lothean,86 Redwing Place,964-120-8312,2HNYD28307H496838
IV-866035-57-47,Lorene,Sowerbutts,47579 Roxbury Hill,631-900-7102,2C3CCACG4CH747768
HT-909136-83-12,Parker,Autin,4332 Ryan Center,534-725-3067,3N6CM0KN5EK643418
QE-672566-66-76,Robin,Hinrichs,4 Prairieview Way,191-303-6961,WBAPK5C53AA971788
MP-353090-61-86,Loleta,Northedge,8 Browning Crossing,904-611-2492,19UUA8F21AA181628
ZJ-249371-73-31,Eula,Feavearyear,01248 Charing Cross Hill,509-376-7696,1G4HP57296U088286
JB-261977-48-18,Kendra,Beadnall,642 Portage Street,639-671-5481,2T1BU4EE1BC396506
XR-673673-04-10,Therine,O'Calleran,85008 Canary Plaza,767-701-6260,1G6DA8E56D0964886
WQ-937976-22-56,Annalise,Kastel,8784 Pond Crossing,484-811-1393,3FAHP0CGXCR718835
IM-995276-54-15,Renard,Petrovsky,42 Valley Edge Point,692-817-0229,WDDEJ7GB4DA334573
UW-570724-87-52,Filmer,Mc Meekin,66 Old Shore Avenue,511-111-5402,19UUA8F28DA658608
NV-336722-10-72,Alan,Gratland,69 Glacier Hill Drive,874-536-6184,WA1AGAFE4CD273698
AU-937420-75-65,Dall,Twallin,78 Monica Junction,238-938-5253,JN1AZ4EH8CM756207
BE-281472-39-99,Johanna,Polini,64 Pepper Wood Terrace,486-807-4088,2G4GS5EV9C9057524
UR-572641-91-46,Ellene,Culver,76206 Sachtjen Center,253-384-2108,WAUXD68DX1A112519
IP-664869-63-77,Cyndi,Dyster,82 Amoth Center,554-412-2174,WAUDT48H76K975745
XR-381140-81-81,Glenn,Melan,0 La Follette Way,400-912-5304,1FTWF3A53AE600792
BJ-170327-28-98,Jordon,Caudrey,51514 Bellgrove Place,807-731-3905,3C4PDCBB6FT964908
BC-496380-64-86,Niven,Colebourn,4 Springs Alley,952-449-1843,1FBNE3BL9BD288162
UY-465146-94-29,Maxy,Leyre,08 Schmedeman Court,814-272-0319,1G4PT5SV3F4739291
JR-703573-37-15,Zola,Loudiane,34 Glacier Hill Trail,357-481-2870,5FRYD3H66GB850517
WK-719024-22-44,Car,Pluvier,60 Buena Vista Point,322-684-0181,1G6AH5SXXE0195720
BY-771845-59-08,Dell,Rudkin,54 Hermina Alley,493-648-0349,3FADP0L39AR286683
BQ-250144-68-81,Lisa,Gillum,061 Golden Leaf Hill,895-425-7118,1FTEW1CM3CF154628
RG-240638-26-17,Nev,Setterfield,78408 Sheridan Avenue,176-463-4399,WBAUP9C50BV519710
DB-292855-30-75,Charmion,Tanzer,660 Bashford Avenue,809-702-2242,1C3BCBEB6DN542495
QG-767350-27-45,Kimmie,Pagen,231 Red Cloud Trail,230-264-6329,1FTWX3D52AE191614
DT-370539-41-55,Oberon,Keel,18002 Eastlawn Point,666-904-8085,1G6DP577260010358
WT-612840-45-15,Lind,Armitage,56 Lighthouse Bay Trail,841-346-4747,WA1AY94LX9D593467
ZN-061295-48-81,Jerome,Drohan,3484 Schiller Point,545-334-4290,1G6DM8EGXA0639310
DE-877396-93-92,Dotty,Conan,33830 Monterey Point,433-993-1215,5TFCW5F17BX918332
FY-392421-05-52,Malory,Dinnage,84957 Butterfield Hill,997-124-3238,1GYFC13269R049999
YJ-325144-90-86,Rupert,Lorkin,0229 Heath Place,937-806-5604,1N6AA0CC7DN455389
HR-360737-17-84,Corenda,D'Errico,7108 Chive Center,886-190-7765,1GYEC63818R563092
SB-726620-09-65,Ardene,Jerrand,492 Grasskamp Trail,111-811-9968,JN8AZ1MU1CW400636
PI-269597-34-57,Jerrold,Maevela,4 Maple Street,714-100-5573,JH4CU2E89CC742412
AZ-501511-31-18,Brigit,McNysche,93 Nevada Lane,293-960-4745,JN1AZ4EH5CM415749
MT-367860-93-54,Jaime,Burdoun,205 Annamark Park,380-657-0253,3C4PDDDG5CT305177
NH-720517-26-51,Robinet,Turneaux,0 Sycamore Place,394-184-8133,1FTNF1E8XAK754244
CJ-197369-08-94,Olly,Leighfield,558 Arizona Lane,871-750-0101,2HNYD18606H967759
QX-315618-16-19,Prince,Aggas,991 Division Park,799-484-2015,JH4DC53856S003544
KM-264623-73-83,Lionello,Culcheth,73 Old Gate Terrace,677-146-6824,1G6AR5S34F0382849
RP-219109-74-97,La verne,Cattach,90141 Lunder Drive,724-198-5658,JH4CU2F65BC304725
MY-428874-44-58,Sile,Cariss,03546 Eastlawn Trail,966-154-8520,WAUJFAFH0DN925504
UJ-947587-81-62,Jeanine,Van Weedenburg,595 Kings Court,258-489-0555,1N6AA0EC6FN724935
LQ-724097-26-41,Fan,Keele,0 Trailsway Court,659-269-8652,1G6DU6ED5B0306783
FR-365324-93-86,Milka,Demageard,92645 Fordem Circle,796-943-8425,1FMJU1G58AE744829
TI-650319-21-92,Ailey,Southwell,8 Daystar Park,663-996-8699,1GYUKDEF2AR145161
ID-458436-26-59,Noach,Divell,04517 Mcguire Place,818-515-1333,3VWF17AT6FM547222
BJ-479884-76-63,Portie,Sunter,14696 Londonderry Lane,545-502-8316,1G6AF5SX5D0235870
TE-367564-92-25,Brockie,Crichten,6016 Kim Drive,635-997-6814,4T3BA3BB1FU248283
YU-444620-19-00,Walton,Readwood,36 Hoard Trail,864-281-9499,3VWML7AJ0DM665151
YQ-220634-65-24,Price,Brounsell,9 Lake View Court,124-179-0019,19XFA1E84AE558082
GV-661022-97-32,Suellen,Heathfield,37 Continental Road,508-638-6028,1HGCP2E30CA910674
RL-532515-04-41,Gerome,Colquete,547 Hagan Place,643-954-1433,5FNRL5H25CB954279
JG-835019-87-92,Amos,Whybrow,487 Loomis Street,804-217-6257,2T3BFREV7FW929462
JN-753359-22-70,Sandra,Swiffin,8397 Caliangt Center,355-161-8503,2HNYD2H47CH469851
WW-520379-41-00,Doy,Kleinert,0 Old Shore Road,482-630-0505,JM3TB2CV9F0957060
KO-746267-12-69,Anabelle,Quiddihy,2 Susan Way,656-869-9371,1G4GA5GC4BF441439
GL-575685-12-29,Fayth,Greschke,5 Butternut Crossing,161-172-3478,WAUZL54B91N629460
KI-082389-94-67,Cleve,Reely,16205 Darwin Plaza,116-740-7336,5UXFG43549L711392
SR-190747-88-41,Morissa,Domenget,86546 Mccormick Parkway,130-157-4996,WAUEH78E46A818449
EP-660049-46-06,Ingra,Firks,6038 Sunnyside Center,951-191-1605,1GD020CG0CF049263
IV-208805-44-98,Katharyn,Laytham,7951 Huxley Avenue,728-266-6491,WVGFF9BP5BD310840
NQ-473809-10-00,Karlens,Mitro,74909 Rusk Junction,729-930-8442,1G6DH8EY8B0832585
KL-337440-72-32,Tiff,Spooner,97 Golf View Road,630-685-5908,5TDBM5G14BS329521
QN-766827-28-05,Harcourt,Acey,0 Boyd Street,281-395-7483,3CZRE3H34AG441257
FY-703465-68-05,Pepe,Sinclar,8 Hoard Trail,802-227-9234,5N1AN0NW5DN077003
UU-239139-38-88,Wilden,Dicky,0 Victoria Street,241-802-4532,1G6AZ5SX3E0380981
EY-011999-78-34,Humfrey,Tither,8801 Kipling Plaza,728-235-0564,3FADP4AJ5BM616925
ZT-632339-68-15,Joye,Seelbach,3108 Cottonwood Drive,474-205-9627,1FTEX1CM9BF983280
VD-995104-33-81,Hercules,Holton,5891 Laurel Avenue,144-761-0691,WA1DMAFP1EA618228
LR-010253-73-79,Roderic,Baskeyfield,26 Michigan Crossing,712-848-7880,1GYS3JEF6CR741895
FT-162534-17-85,Maxine,Iredell,1335 Orin Street,228-839-3553,WAUEFAFL8BN988420
TC-163110-44-95,Sergeant,Dockwra,43 Kim Terrace,241-543-5198,WBAVM1C51FV461319
AP-646939-50-92,Marylin,Heinig,79 Menomonie Road,727-979-2377,JA4AS2AWXBU384744
LN-671727-07-44,Emmye,Bullcock,66 Novick Street,175-941-0820,1N6AD0CU2FN784505
OO-448392-24-23,Arlyn,Wilderspoon,71 Waxwing Hill,321-224-6135,5J6TF1H34EL008781
LM-254471-88-10,Dayna,Sandbrook,9 Sauthoff Crossing,931-451-8929,JN1CV6EK0BM907454
YS-083757-94-79,Jamil,Skip,6666 Scofield Place,357-145-1700,JTDKDTB32C1419424
ZE-469571-34-14,Ferdinand,Vaud,4 Monterey Point,849-872-9528,WAUBH54B91N473309
OL-787731-75-06,Erinna,Gainforth,577 Dennis Place,175-744-0980,3C4PDCEG3FT340314
UL-691440-60-59,Malynda,English,645 John Wall Avenue,229-794-2663,5N1AN0NU4EN788255
MY-343147-74-83,Easter,Falconer-Taylor,2 Mendota Park,273-191-5465,KMHTC6AD0DU276889
LW-966654-29-99,Brunhilde,Kobelt,1 Crescent Oaks Place,177-340-9207,1G6DC8EGXA0080697
ND-271194-83-81,Reggie,Goulden,112 Ridgeway Hill,126-906-4153,WAURMAFD4EN490803
OH-302109-41-80,Wenona,Concklin,0 Corben Plaza,471-851-0254,1D7RW3GK3AS750986
VU-139711-13-44,Caldwell,Lies,5036 Westport Park,745-691-5350,1G6DV5EP2E0671119
CE-040506-20-23,Adelina,Hammarberg,142 Twin Pines Circle,750-923-3153,3C6JD6BP6CG785587
BO-242743-01-25,Irvin,Jaquiss,86407 Park Meadow Alley,148-965-1962,1FTEW1E89AF089054
WS-133057-77-69,Robb,Jerg,2 Vera Park,484-377-3675,1GD422CG6EF066018
MX-727753-33-09,Wilone,Yarrington,45 Merry Pass,107-312-4826,19UUB2F52FA313842
FI-254171-43-57,Marlane,Emtage,470 Hoepker Court,913-850-6977,1GD312CG6DF446683
OS-441385-79-18,Emilio,Peye,5841 Kings Circle,272-734-2867,JN1AZ4EH8AM928555
AC-434972-44-70,Eloisa,Fordy,374 Veith Circle,835-944-0295,1C3CDZAB8EN820184
NF-380969-36-19,Faun,Ruske,3446 Crescent Oaks Avenue,206-982-2804,WBAEN33432E218556
SL-884646-31-74,Lydia,Flippen,0 Chive Street,102-174-6471,1FMJK1F54BE635549
JZ-632397-12-68,Xylina,Foy,65557 Atwood Hill,846-898-8402,1GYS3FEJ0BR843340
BF-575125-44-63,Rutherford,Melmoth,1 Brentwood Court,711-809-1519,1G6DJ5E3XC0019175
RQ-360033-69-60,Garvy,Borgesio,73 Cody Center,638-912-1225,1D7CW2BKXAS382040
MP-630613-59-35,Leanna,MacCulloch,5984 Sycamore Lane,731-197-0270,1FMJK1G53AE340147
HQ-626145-43-35,Penni,Tommeo,5 Utah Junction,215-379-5490,WBAVD135X6K335204
NZ-514208-61-70,Luce,Barbier,4688 Beilfuss Drive,663-981-1746,WA1YL54B44N087939
BP-036503-05-14,Elmer,Palister,4880 Village Green Road,783-421-0554,WBA5A7C58FG111704
KU-175018-54-88,Lazarus,Brangan,31 Red Cloud Court,922-713-9050,WAUPL58E24A895569
DC-929087-17-61,Zitella,Della Scala,322 Daystar Park,497-538-9927,1C3CCBCG9DN064320
XJ-881230-06-11,Nonie,Scimoni,051 Ilene Parkway,168-657-1522,1FTWW3B55AE202272
FR-653250-36-52,Bertine,Hug,6 Swallow Park,222-212-6379,WAUEH48H78K175648
OT-291457-48-50,Jerad,Marshman,6679 Golf Point,886-870-8036,2G4WD582481917794
ST-482634-60-63,Bradly,Rispen,78 Westport Plaza,992-265-0451,WAU3MAFD8FN920730
AR-083862-32-41,Cynthie,Dingate,33910 Mcbride Pass,230-374-1943,1N6AA0CCXBN577824
VN-161381-59-55,Kaine,Albery,151 Montana Hill,548-586-8651,3VW1K7AJ4DM478811
QJ-643770-40-11,Edgard,Whitmore,64919 Pepper Wood Avenue,759-624-3251,WBALZ5C55CC594964
NH-703817-07-99,Virgina,Bradden,8 Parkside Pass,800-490-2511,JH4DC54814S664435
CI-906759-85-07,Celestyn,Scolli,84 Melby Pass,723-652-5703,1G6AH1RX6F0555128
HV-833531-14-38,Gayler,Goodlake,600 Corben Crossing,309-412-4698,5FPYK1F40CB568257
UA-872074-13-69,Brietta,Pauli,7080 Kinsman Parkway,916-515-3743,5J8TB4H31DL731166
LR-841319-98-35,Kailey,Blackboro,8 Killdeer Park,816-492-9883,1GYUKDEF4AR642695
CC-697585-40-78,Lynnell,Nix,13481 La Follette Drive,184-477-3372,1G4HP52K054432772
BV-695967-66-36,Way,Jeafferson,0 Thierer Trail,993-804-4894,SAJWA0E79D8617189
YJ-021799-51-88,Holly,Haselden,44 Hanson Point,647-476-8723,1FMCU5K38AK135280
DJ-537848-09-14,Addison,Bernardelli,65 Cordelia Center,181-239-2814,WAUDGBFL2CA649532
HR-304179-08-39,Aprilette,Trowsdale,6552 Longview Pass,859-552-1597,WBAVC53517F559367
PN-829751-27-51,Stavros,Collis,61 Brentwood Parkway,195-413-9913,WUAW2AFC5EN644800
RL-215723-81-58,Nathan,Reams,781 Golf Court,585-374-0497,5N1AA0NC7AN468568
ZV-523255-77-15,Germaine,Cawcutt,377 Morrow Way,908-792-6365,3C4PDDDG5DT940451
XI-930401-66-90,Lucila,Figiovanni,966 2nd Park,982-704-3283,WAUEFAFLXCA163441
YN-472239-65-24,Lorne,Borgnet,0053 Lake View Park,405-748-1970,WAUKF68E75A088442
IN-477296-12-63,Seamus,Lates,3627 Novick Park,398-296-2457,SALAC2D40AA826517
XG-218752-58-28,Francesco,Ragsdall,26 Cottonwood Plaza,692-860-5601,JM1BL1K55B1595097
NQ-978315-27-15,Ailee,Skynner,02811 Service Drive,632-935-6006,KMHCT4AE7FU238110
KI-130249-32-10,Siusan,Waters,2 Carioca Junction,112-560-7041,1FA6P0G70E5170383
UP-861261-35-48,Rick,Seear,795 Judy Court,680-612-7957,WA1WYAFE7AD758529
JJ-648083-08-55,Lavena,Dovey,1 Pepper Wood Place,714-758-6732,JTDJTUD38DD182035
VU-628893-87-09,Major,Chaudron,353 Hollow Ridge Terrace,408-200-7956,1D7RW5GK1BS408725
BM-662126-63-11,Fraze,Colquete,5 4th Lane,231-395-6248,3GYFNCEY6AS610209
MW-759498-34-54,Irita,Leicester,56280 Nova Road,749-895-7636,JN8AF5MR7DT114904
KS-590631-74-86,Agata,Hydes,46586 Westerfield Place,622-793-9349,5NPDH4AE6EH050830
AH-396221-41-63,Beverlee,Shawe,4607 Randy Crossing,136-767-0950,5NPDH4AE4CH923214
XT-170568-81-35,Rubin,Wale,3386 Lakeland Point,608-651-1162,2C4RDGAG5CR532094
LS-299561-16-82,Northrop,Blackett,432 Caliangt Street,357-945-3918,WBAVB73598F148329
CN-862187-48-07,Albert,Rawstron,15973 Armistice Way,472-261-5212,1FAHP2D88EG083837
PV-929965-90-58,Drusy,Grigorio,52 Mosinee Trail,629-193-5330,WBSWD93589P485818
CO-977451-66-76,Jayme,Cookley,416 Burning Wood Drive,230-161-6460,SCBCP7ZA1AC678871
DF-225383-17-48,Diane,Buffery,219 Mosinee Circle,467-830-5216,JTEBU5JR3C5222025
MP-427970-37-68,Geno,Fallow,26861 Gateway Alley,681-470-0088,KMHHT6KD7DU775919
UQ-207340-87-01,Giovanni,Corkish,788 Dahle Trail,149-662-4322,1G6AM5SX3E0825430
LM-573094-15-99,Shena,Yezafovich,9 3rd Crossing,835-880-0800,3GYFNEE32DS723417
SW-899609-21-31,Lottie,Shirt,4 Bluejay Parkway,939-763-7305,1D7CW5GK6AS954151
VK-119550-78-33,Happy,Mance,318 Stephen Center,577-908-6352,1G4GL5E3XCF872219
CL-851578-52-69,Kayla,Hotchkin,30 Esch Drive,-367-5728,2C3CDYBT5EH298592
EU-553589-73-97,Harp,McGuffog,837 Hazelcrest Point,760-130-7540,3D73M4CL8AG996388
TH-404646-36-21,Lona,Goane,33 Eagle Crest Pass,978-632-4960,WAUBF78E68A551472
RM-149263-69-13,Brena,Williamson,8532 Hermina Circle,338-859-7799,1GYS4KEF4CR200668
LV-872944-47-88,Daune,Ivanin,49584 Grover Point,434-581-2847,2G4GY5GV8B9015047
SY-166738-56-83,Fania,Haig,92146 Fuller Pass,471-651-2891,WAUEKAFB8BN577909
XB-837548-31-86,Sterne,Oene,1 Northport Hill,357-412-7529,2HNYD18983H273598
VB-618246-93-69,Myrtia,Thaine,201 Springview Point,291-360-0479,1GYS4JEF9BR966288
TJ-551958-03-35,Winnie,Menci,8 Gulseth Crossing,302-402-8285,1LNHL9FT1FG348238
AG-576982-44-65,Paulette,Diglin,3204 Pleasure Parkway,519-170-6211,WAUGVAFR4CA795173
FX-456102-01-11,Jeddy,Timblett,045 Red Cloud Pass,661-945-5149,WBAFR9C56DC198290
US-904520-52-66,Ashlee,Littell,01922 Farmco Alley,430-289-3942,WAUKD98P46A583465
YR-866435-11-32,Bird,Rennie,70241 La Follette Court,241-858-8110,2C3CDYAG2DH279131
PD-342210-58-58,Hughie,Chaffyn,18 High Crossing Court,150-888-0712,JH4CU4F43AC742653
NA-644462-39-43,Tansy,Franzonello,044 Johnson Trail,811-926-2260,3C63DRGL4CG556857
PL-805031-80-05,Timothea,Sighard,3 Green Junction,790-774-2594,WBAYM1C52FD137508
HN-735526-60-04,Hetty,Coot,2 International Drive,224-902-6082,3N6CM0KN5FK289434
NB-919713-58-98,Myron,Cuncarr,4 Gale Way,727-434-6072,JTJBC1BA2E2300904
AC-068448-68-17,Sheffield,Northfield,8249 Florence Court,870-569-4996,JM1NC2EF1A0479004
QA-490523-50-50,Kore,Kaindl,08 Sunfield Crossing,871-274-5404,WVGAV7AX7BW325976
EZ-116329-32-40,Lilah,Bidewel,8 Burrows Pass,321-755-0576,WBANB53507C476792
FH-643187-64-57,Maggy,Paylor,829 Chinook Street,100-436-5602,JM1CW2BL9C0128742
CO-674535-32-62,Hayden,Chitty,7 Nevada Crossing,799-448-9892,JH4KB16338C449904
FD-359539-70-09,Alphard,Hartman,5793 3rd Plaza,349-779-8688,3GTU2YEJ3CG483544
GH-438977-13-73,Hollie,Schankelborg,1 Arkansas Street,562-370-9237,1FTNF2B51AE716237
QU-662034-98-59,Moses,Jennemann,56836 Lakeland Park,865-966-6135,KNAGM4AD3F5383162
AN-743272-36-67,Gene,Huller,489 Delaware Center,332-993-0978,WAUJFAFH5CN923780
WP-274126-97-71,Carline,Bevington,63810 Del Mar Street,386-121-4390,TRUWC28N711563349
FK-897208-48-17,Aretha,Shalloe,56483 Village Green Way,227-816-8154,WDDHF2EB7CA837002
KC-558940-94-73,Devinne,Bonnick,178 Stang Crossing,809-927-4248,5UXWX5C54BL076296
QN-625012-79-74,Demetris,Petegrew,62715 Grover Parkway,788-852-9784,1GYS4RKJ1FR119861
BA-543775-42-73,Colman,Sollowaye,8 Division Road,247-259-4160,SAJWA4GC8EM316374
XU-655616-97-42,Angie,Dumbellow,0021 Havey Junction,103-803-5809,JTDJTUD38DD593709
PL-430113-04-78,Maren,Maycock,523 Waubesa Place,953-668-8441,1G4GF5G30EF718030
XB-160899-11-74,Sheelagh,Matusov,8311 Namekagon Way,509-204-3655,JN8AZ2KR2ET240176
BG-615878-89-80,Corrinne,Agastina,5 Stephen Plaza,242-278-2418,1GD02ZCGXDF721867
VN-130861-11-11,Sib,Mettricke,3006 Dahle Pass,736-328-4616,WUAW2AFC6FN146090
TC-191869-41-00,Uri,Python,226 Straubel Alley,841-754-8420,WBAPH73569A135527
XK-387264-63-77,Jessie,Clemendet,092 Hanover Circle,876-704-0641,5NPDH4AE1CH556837
AY-774111-54-71,Chloris,Barday,714 Jay Way,358-454-2768,WAUPFBFM2BA362411
AY-146254-42-29,Roley,Perrelle,37799 Transport Street,588-928-3385,3C63DRNL1CG290944
OG-472569-63-29,Hymie,Rassell,132 Harper Parkway,702-649-3149,YV4852CZ8B1709425
TX-694570-45-83,Ursuline,Harnetty,4100 Dorton Lane,678-943-3032,JN1AZ4EH7CM711520
DP-415410-84-13,Laural,Minchi,17068 Holy Cross Court,727-606-3683,1D4PU5GK7BW913865
NQ-381532-75-36,Artur,Bridgett,70456 Sachtjen Avenue,171-112-8536,2G4GL5EX1F9792260
PV-582765-88-36,Peggy,Divis,97417 Shelley Junction,203-665-2411,KMHHT6KD2CU861301
IN-334350-51-94,Estrella,O'Day,36874 North Street,126-172-3306,SCBDR33WX8C598829
GL-061005-76-42,Elyssa,Follitt,22 Hollow Ridge Alley,421-537-1555,WAUEH94F66N188419
KO-082146-27-12,Adolphus,Wildes,47 Barnett Alley,944-565-0059,JTDKDTB36E1143056
GX-152486-93-89,Morena,Blasgen,87 Mallard Avenue,460-906-4831,1GKS1AEC9FR356129
OW-470320-06-56,Caz,Priddey,1398 Hoffman Way,800-830-5311,1N4AL2AP5BC555343
QV-731432-03-74,Sheffie,Bredee,285 Mifflin Avenue,829-892-4559,WAUJT64B44N612704
OP-361425-69-21,Korrie,Coston,94 Bowman Court,921-767-0016,WAU2GAFCXDN055458
TP-025742-00-20,Karlens,Yarnton,331 Rusk Junction,274-858-1664,3N1AB7AP9FY737427
UM-535625-48-06,Romy,Garraway,175 Monument Drive,862-909-9331,TRUWT28N531715860
MA-074869-22-70,Ingrid,Nyland,6247 Melby Lane,296-251-4045,WBA5A5C50FD683551
DF-647925-71-13,Cindee,Sagg,80 Victoria Trail,173-208-6674,1FBSS3BL1AD467757
JB-133022-26-04,Michel,Ebbetts,94 Elmside Hill,731-478-8673,JHMFB4F20CS615319
NR-111590-28-31,Alaster,Newns,0316 Haas Lane,809-701-6932,WBAAN37461N887475
MK-481900-64-54,Sisile,Jurn,76046 Warrior Hill,685-300-9269,WBAEU33455P586118
XJ-373856-48-66,Michelle,Lipgens,775 Little Fleur Circle,363-358-4191,JTDZN3EU4EJ824378
WF-431918-98-88,Pierrette,Pimbley,80645 Cambridge Avenue,381-671-6624,SAJWA6E74E8814369
TN-049132-79-50,Nita,St. Paul,5424 Sloan Drive,172-172-2778,1C3ADEAZ5DV755662
PM-635570-19-69,Sheffield,Darey,13976 American Ash Trail,997-973-3067,1FBNE3BLXAD771660
BQ-733372-01-85,Nicola,Belderson,2720 Spenser Circle,741-328-7057,WBAEJ13472A728481
WC-968744-34-58,Nesta,Sargent,8853 Thackeray Lane,279-179-0662,1G6DP567050988180
UV-163186-43-36,Mirna,Christofol,53 Hayes Court,454-561-0459,WBAEV33462P547319
FW-425384-37-12,Cammy,Brennen,6529 Daystar Lane,739-441-2792,3VW1K7AJ7CM237033
KD-537418-25-65,Myrwyn,Bagnall,7 Tennessee Center,927-198-2195,JM1DE1KY7C0658155
JN-418740-72-99,Anette,Rape,8 Buhler Center,747-791-5185,1G6DE1E3XE0567094
OX-419171-65-35,Katheryn,Davidovsky,052 Independence Alley,633-769-4670,5N1AA0NC2FN441060
HZ-046642-21-75,Alisun,Michal,17615 Mockingbird Terrace,639-443-7636,WA1WYAFE7AD725532
WD-593767-51-90,Doretta,Gourlay,71 Coolidge Crossing,302-364-5211,4T3BK3BB7FU041636
JT-886486-16-49,Leah,Oldacres,7245 Jenifer Junction,463-342-9697,3GYFK66N15G140713
AP-837995-70-79,Franni,Leafe,706 Ridgeview Trail,486-948-4507,SALFR2BNXAH874811
QS-081672-96-54,Vivianne,Caroline,76 Talisman Pass,989-875-8450,WBAWL13558P156243
BQ-100886-72-22,Blanch,Blow,4015 Warbler Place,682-530-4506,2G4WB55K241334340
TT-134752-70-64,Kakalina,Sones,5 Sauthoff Parkway,886-914-5021,4JGDF2EE0EA995537
MO-661124-28-47,Elsinore,Khoter,03743 Pierstorff Street,275-311-2692,JM1BL1L35C1813036
IR-941662-62-98,Gretel,Olyfant,43474 Mcguire Point,668-369-5119,1G6AZ5SX0E0004545
CI-715325-28-78,Sim,Caukill,3808 Buell Junction,728-467-0687,WAULC68E74A032495
GY-770361-34-04,Duffy,Malinowski,4 Scoville Trail,235-642-3598,3D7TT2CT8BG558317
MJ-284624-23-94,Theodor,Joyner,474 Michigan Street,397-284-9909,WAUBFCFL8CA969325
KJ-366315-89-34,Nan,Stirling,28 South Pass,763-982-6455,WAUDFAFL1BN971101
IS-993730-82-94,Aluino,Rotlauf,430 Roxbury Place,788-684-9685,19UUA65645A411693
MT-024129-55-73,Nancey,Badrick,48673 Fisk Alley,990-162-5333,1FA6P0G79E5193449
VC-429284-84-64,Lacie,Rummer,79885 Pawling Road,764-622-5105,WVWAB7AJ8CW192803
QM-057347-10-65,Sharline,Barkworth,7 Coolidge Place,258-492-9277,2T1BURHE6EC370447
XX-640747-13-11,Alley,Alton,7 Monica Way,653-147-1693,JN1AZ4EHXFM598828
NF-030459-44-31,Munmro,Makin,4 Clemons Crossing,134-519-7215,JN1AZ4EH8EM017065
UW-616826-43-72,Leela,Probin,621 Killdeer Circle,538-144-7957,JN8AZ1MU4CW474214
IK-344679-64-53,Ruperto,Bichard,4716 Stang Crossing,722-142-3056,KNAFU6A29A5837753
GN-186010-82-47,Goldie,Mc Combe,75735 Melody Alley,997-348-7259,WBAPH77559N392102
XS-141953-50-23,Marten,Gornall,5 Sloan Parkway,694-672-2496,4A31K5DFXCE472124
LW-008091-43-25,Alysia,Crunkhorn,353 Warbler Avenue,719-262-8559,1FMJK1J51AE989261
CC-203865-40-56,Berry,Stirrip,9097 Fisk Center,588-296-2218,WA1DMAFP1EA213485
KZ-534168-67-03,Karin,Whipple,90 Superior Place,728-315-4628,WAUHF98P08A840998
TB-186586-41-29,Robers,Prene,36631 Sunfield Circle,298-405-6488,WAUVC68EX5A858445
UI-957594-79-50,Mycah,MacGinlay,14753 Village Street,690-917-3270,WAUPL68E64A652224
QG-998368-90-28,Arnaldo,Butt,15793 Miller Avenue,801-793-5808,WVGAV7AX6BW021876
GB-149509-23-48,Lorita,Belbin,498 Straubel Pass,748-546-5636,5UXFA53593L942304
LZ-909949-43-73,Kylynn,Klein,9 Waxwing Road,802-200-1589,WAUFFBFL3DN795671
WD-717834-53-84,Tami,Artois,6260 Jenna Terrace,302-578-5248,2LMDJ8JK9FB048147
SJ-449514-96-10,Franz,Klosterman,134 Monica Way,850-657-8120,1G4PR5SK0E4536135
HF-803672-45-17,Mela,Learmond,110 Spaight Plaza,989-107-3822,5N1AR2MM8DC044833
XM-970310-30-08,Hillery,Stallebrass,03978 Schurz Way,836-241-2403,WBA3B5C50FF695983
JP-652101-00-78,Alisa,Purchon,8 Village Street,354-747-0720,1FTEX1CM8BF719578
KS-083871-19-74,Cam,Dunkerk,1233 Evergreen Point,244-374-1521,1B3CB4HA8AD746414
FE-623773-79-86,Eziechiele,Boater,06 Mandrake Lane,286-368-0750,5TFAW5F11EX325934
LX-044830-91-31,Vanna,Langdridge,65 Golf Place,877-925-6882,WAULD64B32N663923
DT-516722-65-34,Benedetta,Rabley,2 Acker Place,729-720-0228,WAUHF98P16A420471
HI-226965-46-43,Elfrida,Acott,5245 Ludington Alley,985-724-5071,TRUWT28N731783562
AP-920910-49-39,Howey,Nunns,8137 Rigney Avenue,395-485-4678,WAUXL68E14A938143
FS-732229-77-14,Rockwell,Aulton,510 Cardinal Hill,354-617-2139,1G6DJ8EY4B0031835
UN-653391-54-44,Olin,Jansen,6 Autumn Leaf Trail,827-134-6465,WBAWB73567P842828
ZZ-148907-08-99,Merrily,Duckworth,0 Pankratz Hill,977-829-5111,WA1LGAFE8BD096824
MJ-845245-44-50,Luis,Cordeau],271 Bunting Alley,909-234-0525,1GYS4EEJ6CR478820
GY-826299-67-85,Perry,Di Giorgio,97 Shoshone Way,655-878-0613,JH4KB16387C845647
JF-187118-29-45,Dixie,Gribbin,3210 Northport Hill,827-357-2643,1FAHP2DW3AG605721
VV-185476-89-88,Jefferey,Malitrott,938 Sachtjen Road,653-599-6789,1FTEW1E83AF640157
JC-036983-25-96,Kienan,Reyne,98 Coleman Park,167-251-5692,5FPYK1F28BB348250
XV-038069-00-44,Thacher,Cake,1 Red Cloud Plaza,791-413-0230,1C4RDHEG1CC287948
IU-517319-73-51,Kessiah,McAuslene,754 Kingsford Circle,499-460-4905,1G6KD57946U913492
YA-506949-68-66,Devina,Abry,33 Farwell Point,138-854-0977,WAUUL78E67A100168
BH-997768-93-02,Nahum,Broom,185 Judy Terrace,803-441-9317,SCBLE47K48C722808
HR-875105-64-90,Maryjane,Cecchetelli,3 Division Avenue,619-180-5404,WAUAVAFDXBN102804
MD-335077-31-62,Mavra,Folkerd,85888 Columbus Alley,164-785-9093,YV1940AS7B1776533
BC-972899-16-83,Giorgio,Parzis,7 Fuller Drive,386-194-9521,19UUA9F72DA454582
MP-603804-61-43,Aurie,de Grey,50476 Iowa Place,756-838-2393,JTHFE2C26F2991527
VQ-408906-07-19,Claude,Pacey,41 Pawling Center,373-915-1629,KNDJT2A53D7395824
AR-318025-61-84,Delcine,Andrewartha,90639 Stephen Plaza,235-503-4268,WAUAH98EX8A023242
FG-978175-94-79,Maegan,Beaves,79150 Myrtle Terrace,414-830-7515,1G4GA5GRXDF757046
SB-444129-56-96,Winnah,Wonfar,44419 Northland Alley,293-779-1171,1G6AG5RX9F0211979
XO-266737-51-12,Rosabella,Doige,94 Mendota Junction,393-101-0068,19UUA66254A079287
WN-099135-96-49,Gwyneth,Langelay,60 Jana Point,359-185-9402,JA32U2FU4FU562910
UB-486870-89-24,Dot,Kinlock,7 Harper Lane,979-964-9861,SCFAB22331K055227
PD-495646-91-33,Jacquenette,Bubbings,86169 Anniversary Crossing,285-897-1903,JN1AZ4EH9EM068719
EH-522218-69-61,Angel,Duiguid,5 Dahle Hill,513-209-0555,JN1CV6EK0EM938160
CS-627954-23-17,Lowell,Lockie,0 Marcy Circle,658-924-7843,WP0CA2A86DS220327
NY-931922-35-89,Francyne,Graalmans,363 Homewood Plaza,715-543-2107,JTEBU5JR3E5381470
CZ-127128-07-63,Sheena,Gianolo,7407 Rigney Court,803-313-0669,1GYFC56219R015472
VH-135410-33-81,Stormy,Brian,210 Bultman Terrace,502-987-4614,WAUBFAFL0EN698762
MB-775940-57-27,Alfy,Latchford,5006 Mayer Plaza,915-395-1957,19UUA56703A055404
ZE-334476-93-85,Bone,Fruser,8306 Golf View Court,976-372-3105,3N1AB6AP5CL090883
KO-448389-25-16,Chelsy,Siegertsz,17 Ridgeview Court,375-687-2581,1GYS4DEF1ER415360
BB-623274-28-52,Pyotr,Herche,2586 Doe Crossing Avenue,719-757-3075,1G6DL5EG1A0023237
PQ-736023-38-47,Anett,Fedynski,66696 Reindahl Avenue,996-907-9444,1FTEX1CM4BK431032
QI-873390-72-43,Jerrine,Doniso,56 Clarendon Trail,105-676-5020,KNAGM4A70B5305247
IE-130391-64-79,Bamby,Ginn,1 Corscot Hill,459-100-8283,WA1LMBFE5AD531683
XF-140151-72-46,Paulita,Tethcote,200 Pine View Parkway,249-298-1945,1C4AJWAG8DL141063
KM-464387-08-72,Jeffie,Overil,49761 Farmco Trail,168-879-6626,WAUXL58E85A434054
VT-566981-10-63,Augustus,Webburn,8039 Sunbrook Avenue,972-646-9303,WAUAKAFB1BN593528
GQ-343769-47-10,Terza,Scotchbrook,9 Maryland Terrace,315-758-4416,TRUWT28N141763860
CO-992786-36-44,Rikki,Ayton,996 Morning Crossing,308-243-6090,1FMCU0C76BK546179
PB-802581-99-11,Zaria,Marti,7 Morningstar Drive,274-777-8466,1G6AF5S36D0374936
JU-828344-56-17,Georgianne,Tregidga,26 Acker Junction,761-252-1599,JN1CV6FE6BM525034
GT-742769-57-52,Salomone,Blore,965 Clemons Pass,906-717-6315,KNDPB3A23C7613381
GA-582810-62-69,Lura,Sydry,16655 Pond Trail,811-620-3248,4T1BF1FK9FU636726
HJ-958041-83-73,Mavis,Bewicke,6 Mandrake Hill,369-317-1342,JN8AZ1MUXCW119922
LW-463146-43-93,Barbie,Dineges,1452 Mandrake Drive,713-141-8389,2C3CDXHG6FH585879
QS-141973-87-62,Stacey,Steckings,620 Golf View Alley,296-299-5615,WP0AA2A81EK451788
GK-988048-08-04,Maddalena,Bett,548 Kingsford Place,939-491-0551,JH4KA96631C913341
PA-481400-89-12,Carmelina,Stocking,103 Oak Valley Park,622-808-9205,1FTWW3B59AE953939
BV-816737-19-30,Nedi,Yearnsley,84303 Coleman Park,961-508-6583,4T1BK1EB6FU715493
GF-968373-35-63,Alyse,Dand,2 Bunting Pass,730-707-7191,SALFR2BG0FH296288
LP-600525-09-65,Son,Samuel,47608 High Crossing Way,669-152-5059,2C3CDXBG6CH101620
AU-172167-94-41,Catina,Zoren,49 Di Loreto Hill,932-981-8439,SCFAB223X1K019146
IM-287176-99-64,Consuelo,Russ,40877 Twin Pines Trail,512-510-0589,1FMJK1JTXFE969760
YI-677448-20-56,Baily,Vowels,59955 Reinke Plaza,219-302-2689,WAUA2AFD3EN138265
OK-150798-83-01,Ursulina,Cooch,810 Claremont Terrace,485-818-0156,1GT3CZBG3AF088446
DB-490259-22-72,Scottie,Cary,06009 Thackeray Center,968-334-3453,5FRYD3H47GB297021
CV-009356-64-33,Edyth,Storres,68 Dahle Point,207-935-7580,KNALN4D73F5497700
LH-973913-42-95,Neala,Coxwell,73473 Dennis Parkway,102-904-9682,WBANN73577C607719
OC-756701-37-40,Ulysses,Sutherley,2 Grasskamp Drive,167-502-2021,WBABN33461J266626
ZW-515711-15-95,Alyse,Bysshe,1 Grasskamp Parkway,173-395-4692,KMHTC6AD0DU454817
IN-479170-95-40,Somerset,Passby,5206 Dawn Lane,840-531-1503,1GYS3BEF5ER597295
IG-205654-68-53,Analiese,Easseby,64 Shasta Junction,435-105-8436,JN1AZ4FHXFM021215
ML-288085-69-41,Fran,Crowdson,80868 Lakewood Gardens Place,719-640-8613,WAU3VAFR0CA395965
RV-857647-00-89,Drusilla,McTeague,3 Hermina Place,610-116-5409,JN1CV6EL1FM496421
OQ-822393-46-07,Winston,Cadd,4996 Marcy Plaza,895-513-5395,WAUEH98EX8A872238
XK-003108-67-98,Claudell,Switzer,90708 Maple Wood Point,456-354-6764,1GD21ZCG4CZ516506
VZ-373561-40-79,Cliff,Askwith,74 Warbler Court,107-474-3427,SCFBB04B88G742228
IC-565275-21-33,Pam,Durker,9738 Kedzie Street,414-635-9513,5N1AZ2MG7FN639528
SG-745291-23-12,Mandi,Gerg,8 Park Meadow Road,565-676-6301,WAUGFBFC1EN215923
OY-614918-91-06,Caroline,Wraith,152 Brentwood Avenue,191-299-7070,3GTU2YEJ7CG053290
IO-876832-64-30,Ardyce,Sentinella,12770 Mockingbird Court,646-589-9690,1N6AF0LY5EN985438
QO-452802-57-22,Jodie,Barwise,1 Petterle Terrace,199-263-3220,1G6AB1RX0F0685195
UQ-040490-18-01,Callie,Reede,84318 Montana Pass,401-340-4718,WBAFR9C53BD933315
CL-701379-27-41,Tremain,Abbate,70 Londonderry Trail,781-974-8202,WA1CGAFE9FD230150
TU-354079-19-41,Bevvy,Gleeson,66981 Gateway Way,212-874-7046,1G4GH5G36DF364720
PN-437199-30-54,Cammi,Gentzsch,52 Susan Plaza,937-992-4516,WAUDF98E16A601521
YM-829806-41-23,Ola,MacCrackan,6987 Browning Crossing,252-995-1025,SCFBB04B57G327995
RL-286845-88-22,Denise,Lindwasser,91 Hayes Crossing,735-801-3793,WBAUL7C59DV870070
XZ-485967-91-22,Donnie,McOmish,047 Clarendon Terrace,962-230-5466,3FADP4AJ3EM212901
CO-943705-08-77,Benedikt,Livermore,72 Continental Alley,574-345-0020,1N4AL3AP1EC104100
CN-701172-76-93,Everard,Oddy,29 Heffernan Alley,704-495-4307,3D7JV1EP0BG115154
GO-532226-87-36,Miranda,Hancke,4 Northridge Circle,719-688-6094,3C63D3HL9CG944761
DT-165941-31-32,Modestia,Slowgrove,49442 Westport Junction,913-446-7866,2G61N5S39D9914174
AS-586939-65-23,Delaney,Mattin,93292 Beilfuss Court,309-718-9506,WBY2Z2C59FV202637
RU-997385-92-97,Riordan,Deeson,959 Russell Alley,658-315-9242,1GKUKFDJ8AR517937
UY-009399-81-82,Rubina,Ferrieroi,07224 Cody Place,178-950-5909,WAUEH98E57A340801
TF-527497-29-16,Chelsie,Savile,95371 Lillian Street,202-967-2947,1D7RB1GT2BS148428
CB-875987-60-91,Pavla,Weild,27 Lakewood Gardens Hill,344-798-8138,1G6KD54Y14U520882
QQ-739028-44-60,Elisabet,Petrashkov,21 Kennedy Point,311-284-3661,JM1GJ1U59F1657681
IN-668292-93-80,Rafael,Neeves,8695 Farragut Way,907-380-4867,1C4SDHCT4DC512494
HP-964712-13-17,Joana,Mooreed,1825 Oakridge Trail,198-529-0098,1FA6P8AMXF5496979
KG-130847-84-94,Emelda,Fruchter,8 Schurz Lane,131-676-5516,2D4RN6DX5AR881968
AK-090832-63-96,Sherline,Skerm,69 Fallview Lane,375-553-6309,SALAC2D43AA627879
TA-139602-34-67,Morganica,Melloi,0 Kings Terrace,811-785-0367,KL4CJGSB3EB070776
LD-609446-65-10,Quentin,Pragnell,1 Blaine Court,645-585-0871,JN1AZ4FH2FM221666
KP-806779-26-87,Dixie,Akaster,6760 Carberry Junction,460-136-3183,2V4RW3DG6BR487556
QS-788293-20-68,Yvon,Woolam,76 5th Parkway,513-354-2513,3VWJX7AJ4AM573236
GL-187948-43-66,Far,Dollman,7 Kipling Plaza,208-937-4155,SAJWA1CB7BL433876
GE-329491-41-05,Frederique,Rispine,43137 Manitowish Alley,372-835-3044,1FTWX3B55AE171814
YF-325084-37-48,Bibbye,Mooney,30 Basil Junction,874-785-2286,2FMGK5B86EB863117
VV-146257-11-81,Aurlie,Stedall,2 Spaight Road,942-436-1405,1N6AD0CW9FN451753
JM-917658-82-10,Trueman,Townes,3 Esker Junction,824-402-7852,WAUAFAFCXCN928543
JZ-854823-80-79,Marc,Pykett,21 Melody Drive,216-940-4212,JTJBC1BA9B2205414
RY-424648-45-70,Josefa,Shimwell,04 Lawn Alley,409-906-0002,5TFCW5F13BX540834
FN-313872-26-59,Konstantin,Shout,41004 Anderson Place,169-441-4839,5NMSG3AB2AH588264
AR-046210-37-87,Forrester,Norfolk,87356 Sachtjen Point,928-928-3726,5GAKRBKD2DJ126226
AL-588297-56-48,Ilyse,Ughelli,646 Corben Point,587-827-6334,1GD022CG1CZ610905
OM-248199-83-93,Dallas,Kelle,26096 Glacier Hill Lane,979-440-1551,1GYS4PKJXFR269245
AY-235484-60-52,Neala,Gadie,6 Oriole Parkway,807-879-3608,WAUKF98E36A721926
JO-956979-52-40,Merrill,Ayers,217 Graceland Alley,876-962-1026,2G4GV5GV8C9050343
IY-452624-67-19,Clareta,Scogings,891 Di Loreto Avenue,436-578-1848,1FTWX3B59AE026601
CK-015557-42-60,Randell,Blodget,18921 4th Crossing,814-708-5675,ZHWGU6BZ4CL540401
DO-000289-99-05,Dame,Josowitz,38379 Porter Plaza,538-376-2938,JTDBT4K3XB4801237
YP-971084-74-53,Errick,Menendez,6656 Monterey Crossing,589-648-6222,1G6KY549X2U900362
FU-889916-37-23,Roland,Beri,54532 Miller Alley,678-715-8195,WAUMGBFL9CA699859
VV-506344-11-87,Iosep,FitzGeorge,61336 Talmadge Lane,854-777-1457,JTHFE2C22F2541888
PR-098910-18-64,Colby,Elcoux,70 High Crossing Park,553-297-0202,WVWDB7AJ4EW744040
TG-680641-39-42,Doria,Cheyenne,60946 Maple Trail,861-925-6920,5FRYD4H94GB837779
TI-431357-41-24,Trefor,Potes,4869 Steensland Alley,264-771-0492,4T3BA3BB3CU164560
QM-033233-08-88,Quincey,Honig,47353 Ramsey Point,343-104-8351,1FTSW3A56AE168066
SZ-863677-16-02,Magda,Liddard,7771 East Place,100-965-6162,1FMJU1G51AE463326
OS-199372-28-69,Cassey,Roberson,50 Granby Plaza,254-515-6019,5N1AN0NWXEN129372
DG-286799-59-29,Ernst,Mulcahy,66 Mesta Alley,602-469-4265,1G6KD579X6U260781
RR-479779-99-05,Eloisa,Malley,90 Gerald Way,260-693-2625,WVWDB7AJ9EW700714
GZ-283779-28-36,Juditha,Ellerton,29 Darwin Point,561-868-5096,JN1CV6ELXEM264544
PI-441296-11-81,Ami,Rollett,98106 Mockingbird Place,233-717-6768,JHMFB4F21CS779677
EF-952974-55-28,Rosanna,Jurn,6 Stang Street,197-849-8506,WBA6A0C53FD547714
IR-320230-89-06,Betteanne,Klimkowski,87919 Northview Street,474-557-1539,WDDGF4HB7CR758904
UV-745532-78-22,Shawnee,Lovick,66 Fordem Park,884-893-6274,1GYS3DEF7BR029461
LX-244527-06-81,Gavra,Coorington,0002 International Parkway,592-467-2835,WBXPC9C49AW636166
MS-238346-87-48,Karena,Gasken,621 Lunder Trail,387-137-6415,1N6AD0CU5EN594809
OW-881717-24-52,Mead,Reitenbach,6236 Summerview Trail,347-215-0448,3VWPG3AG6AM192429
BE-957341-13-32,Felicle,McGuinness,549 Delladonna Avenue,864-371-3260,WBAUN9C52AV515498
IO-236395-79-97,Damiano,Croose,81 Sachs Crossing,437-890-5702,WBAKG7C52DE582483
TN-450306-19-46,Danyette,Burhill,09721 Hallows Drive,856-873-7919,JTDZN3EU6E3839730
PA-596489-59-67,Catarina,Hammelberg,89343 7th Way,876-391-3749,JTEBU5JR2B5338847
PG-293237-92-83,Jill,Laxen,87215 Pawling Plaza,549-119-0820,1GYS4FEJ0CR370599
DW-595977-96-20,Ailis,Oguz,5505 Fairfield Plaza,493-696-1771,JHMFA3F25AS053167
HX-030644-54-49,Mirilla,Terran,03 Continental Drive,943-785-8014,WAUVT58E85A113025
TC-133989-84-00,Honoria,De Normanville,3570 Atwood Street,430-733-7816,SAJWA4EC2EM551176
GE-281170-32-01,Ivonne,McCaughran,74404 Shopko Terrace,990-755-7274,5N1AN0NU7EN759347
PA-976215-18-95,Hildagarde,Thick,22 Duke Street,734-324-1735,WBAEU33445P329810
JL-550025-43-19,Jock,Boath,4 Roth Avenue,989-359-6312,WAUZL54B21N344874
AN-737448-23-11,Joceline,Iacovelli,9 Marcy Avenue,459-210-1171,4T1BF3EK3BU396452
SP-171011-37-92,Wilton,Brokenbrow,823 Kim Center,456-185-8430,2C3CA4CD8AH316439
TW-073652-84-89,Alene,Kilgallen,86 Badeau Road,414-197-8871,WAUML54D41N639258
JB-346720-37-95,Solly,Quartley,54671 Thierer Avenue,834-652-9802,1HGCR2E36FA624035
CZ-574532-57-01,Aryn,Fredson,15 Reinke Avenue,518-254-3079,WVGAV7AX1FW144913
EX-553396-16-21,Vitia,McCorkell,2402 Continental Park,144-599-3477,WAUAGAFD3DN444625
XC-120330-16-39,Vernor,Kays,264 Vidon Drive,166-498-8085,WBADX7C53DP426241
ZU-206676-14-39,Estelle,Walework,8 Dayton Road,847-827-9471,19UUA8F20EA395452
EM-383668-69-83,Georgeta,Daws,2 West Park,886-375-2499,1D7CE2GK9AS852635
EJ-695284-97-61,Martguerita,Dugood,6 Manufacturers Place,794-537-8369,2G4WB52K811536356
JJ-860991-49-76,Malchy,Lovstrom,7641 Fordem Point,638-215-2838,WAUEH74F18N927073
BO-065622-59-72,Iseabal,Shaefer,13855 David Junction,833-741-5958,1GD01ZCGXBF609523
RE-253486-75-85,Fields,Newlove,6788 Morning Park,895-796-2794,WBA3T3C58F5020812
JV-690380-09-33,Giralda,Denisovo,70341 Forest Run Point,114-358-0011,WAUKF98E25A486689
OR-746358-97-47,Dorotea,Kenwright,4 5th Trail,581-713-9160,WA1EV94L38D884529
QT-741590-91-22,Gaelan,Kitchingham,817 Beilfuss Trail,717-173-7999,KM8JT3AB6CU992960
UT-299705-07-92,Dominica,Dollimore,31938 John Wall Crossing,495-718-4613,3VWKP7AJ0DM784586
QW-178647-86-29,Nonie,Garnul,166 Dapin Street,282-352-7583,WAUBVAFB9BN354482
AB-984332-69-42,Flss,Walsh,07 Melody Trail,964-919-8213,4T1BK1EB1FU933034
JM-221462-90-73,Obediah,Coller,39394 International Parkway,668-242-6431,4T1BD1EB9FU541509
QK-306032-80-20,Rriocard,Partridge,51 Corry Pass,257-116-6166,137FA84351E858016
