officer_id,name,last_name,phone_number
1,Aubrette,Roux,293-738-6065
2,Nikolaos,Jeffries,519-658-4369
3,Rufus,Vaggers,210-593-5337
4,Rodd,Agiolfinger,700-282-5701
5,Ross,Pritchett,476-739-5803
6,Hagen,Bawcock,833-566-5567
7,Janet,Annesley,901-201-6137
8,Kane,Pattemore,200-491-6410
9,Kaleb,Ginman,411-424-6200
10,Tadio,Hancill,896-303-9635
11,Jackqueline,Linklet,887-953-0005
12,Harrie,Jaqueminet,943-203-4551
13,Dirk,Yurkin,779-782-3497
14,Chickie,Caunter,332-283-6792
15,Godiva,Sidry,568-774-3276
16,Thekla,Fletham,961-310-9273
17,Merle,McGlone,499-980-0200
18,Ansell,Portingale,954-701-0379
19,Jarid,Haynesford,406-549-9019
20,Rhianna,Burge,826-486-8267
21,Blondy,Emmet,891-701-6063
22,Regan,Constant,437-945-9487
23,Angela,Millimoe,291-357-0741
24,Tanitansy,McNamee,645-959-7512
25,Gamaliel,East,614-791-2430
26,Aimee,Burren,521-898-4928
27,Merissa,Koppel,730-497-1335
28,Tammie,Faill,350-310-5190
29,Kristos,Coward,547-246-0755
30,Gaynor,Maunton,805-259-5853
31,Nettie,Blowin,424-935-7001
32,Burl,Bonnin,475-249-3728
33,Dulcine,Wyness,308-403-8986
34,Isis,Oxborough,816-932-1846
35,Augusto,Wein,696-351-8721
36,Theressa,Cleynman,863-599-4467
37,Lindie,Dawltrey,811-857-7867
38,Abbie,Nunes Nabarro,933-439-9501
39,Reggie,Goshawke,548-776-2291
40,Matthiew,Yaus,816-973-0888
41,Aggy,Ruskin,525-314-3313
42,Janie,Cartmael,253-141-0049
43,Klarrisa,Alastair,695-703-9203
44,Rice,Maidlow,396-750-6652
45,Isabelita,Baildon,140-421-6559
46,Mabel,Padfield,461-129-6378
47,Ame,Vedekhov,555-399-3986
48,Kitti,Huffadine,446-105-0510
49,Lois,Fareweather,887-944-3151
50,Katleen,Loughead,665-983-4382
51,Kinsley,Hesbrook,754-809-7783
52,Juieta,Petriello,418-226-9843
53,Dermot,Manass,513-101-6102
54,Nichol,Haburne,390-558-0193
55,Sonia,Pevreal,783-154-0399
56,Oswell,Housley,448-727-3481
57,Camel,Lacey,159-344-6328
58,Stillmann,Bandt,782-807-0170
59,Trula,Christall,527-838-6761
60,Clim,Ferminger,991-792-7436
61,Goldy,Makey,576-180-0636
62,Alley,Strewthers,237-609-3605
63,Lucius,Wrennall,734-635-7502
64,Abner,Cammocke,408-895-0013
65,Brody,Thirlaway,798-492-9075
66,Tarrance,Bosche,706-390-0044
67,Faber,Fludder,864-892-5329
68,Malinde,Courson,486-504-3861
69,Mannie,Woodes,792-565-8913
70,Sadella,Keems,407-400-5623
71,Humfrey,Salzburg,453-498-2328
72,Karine,Ferrie,526-234-1471
73,Estrella,Dunnaway,293-605-2191
74,Cristian,Pavy,700-470-6462
75,Manda,Ogglebie,553-528-1817
76,Aundrea,Wankel,155-905-8167
77,Nikola,Allbrook,211-684-7537
78,Davon,Node,384-858-7139
79,Doloritas,Bourthouloume,838-803-5213
80,Sandor,Whoolehan,833-880-2770
81,Erhart,O'Crigan,978-891-0251
82,Sallyann,Gumb,431-496-0868
83,David,Chimenti,656-404-4619
84,Liva,Canete,936-604-7806
85,Hal,Hanretty,684-682-3001
86,Pamela,MacDermand,118-216-3933
87,Garreth,Carvil,664-178-2559
88,Lief,Wakefield,196-222-2797
89,Ashton,Hummerston,867-566-3145
90,Charleen,Bliben,619-612-2228
91,Kynthia,Benton,984-631-4045
92,Aldon,Rogans,282-690-0314
93,Chrisse,Liddel,204-882-9516
94,Clarey,Maskill,559-989-7673
95,Neron,Hutchason,287-243-3796
96,Bink,Itshak,932-946-6394
97,Tamarah,Halhead,809-992-4074
98,Yulma,Sturney,848-979-7018
99,Sutton,Ricoald,885-741-1212
100,Jefferey,Harbisher,612-550-5818
