owner_id,name,last_name,address,phone_number,ipn_code
1,Martina,Swindell,5239 Maple Road,423-163-2959,2789N9WKAL
2,Olivia,Antoniou,3 Boyd Parkway,335-629-6322,07KUU44X16
3,Anallise,Dmitr,87558 Crescent Oaks Hill,306-758-5456,OJ79AL3AMK
4,Marchelle,Selkirk,5596 Arrowood Lane,943-976-2157,W293ZEC43V
5,Christy,Hadland,6559 Randy Park,749-453-1214,3449S3T16C
6,Aldwin,Feron,5 Pennsylvania Drive,243-944-0963,811ES2970R
7,Konstantin,Ixor,5968 Lawn Hill,114-717-8724,M3K743Z7MF
8,Wallie,Pepye,9123 Alpine Junction,302-615-3082,7J1I8B3184
9,Caro,Sutherley,798 Kings Avenue,535-967-5068,7W19TFC617
10,Essa,Wogden,48 Towne Lane,861-618-4413,951316OG3Y
11,Bart,Relf,2 South Circle,750-265-5733,4951HVR9B0
12,Marwin,Winridge,36888 Waubesa Place,679-849-6190,4X3O5W83B9
13,Shannan,Burress,1 Wayridge Crossing,443-928-4015,GCP7PN54CA
14,Tani,Strathearn,7811 Service Plaza,845-559-5135,1OXBJ86CXW
15,Everett,Allwright,6904 Florence Junction,347-501-9451,80W147C33J
16,Dione,Ziemens,981 Waywood Circle,705-232-4614,3L91E84AMG
17,Aileen,Buckham,492 Meadow Ridge Terrace,731-745-2942,11F376SRQT
18,Elnore,Reynalds,6673 Washington Circle,844-490-9530,755Q195F6S
19,Callie,Francescuccio,14 Park Meadow Trail,998-497-4650,3A7WG42485
20,Marigold,Chastand,30329 Butterfield Junction,590-547-0062,056C207824
21,Guglielma,Witnall,2 Derek Way,760-808-3156,880MRM17YU
22,Zachary,Robardley,50118 Kensington Terrace,207-152-4414,2WJ4PORI99
23,Tracie,MacNeely,22 Gina Plaza,933-596-4853,SC63898619
24,Lazare,Grabham,91946 Sullivan Drive,282-660-3666,UR4DJWQM81
25,Magdalene,Enderlein,83296 Shasta Junction,627-324-4482,E6A7U8B5W5
26,Valene,Buy,139 Dryden Plaza,932-587-1559,KY0RWCQPD0
27,Dannye,Castenda,15 Transport Center,979-483-3674,5TDBE347E0
28,Gianna,Victoria,6008 Toban Center,627-769-0527,2MU4UN3Z31
29,Hartwell,Vile,25586 Glendale Place,784-125-3985,OD0F5JB0K5
30,Carlo,Walliker,9 Quincy Avenue,254-696-4935,283HF97PRT
31,Nickie,Mallaby,93 Lindbergh Street,624-885-3715,6LL42B3I84
32,Maddy,Muccino,6584 Meadow Valley Place,811-459-1030,R2R7U1L0O8
33,Lin,Arlow,5348 Pawling Way,974-935-8455,6R4U939CY7
34,Delmore,McReynold,8439 Schurz Park,577-876-7815,1VD0GGY52Z
35,Venus,Togher,6080 Scott Circle,616-990-3153,M7CS034ZBF
36,Preston,Gorch,7904 Carioca Avenue,465-715-3475,0C29L17C95
37,Andee,Taffee,4590 Steensland Court,567-103-5529,FWZGDRI5BT
38,Boothe,Massimi,04 Kensington Trail,494-298-4079,KCU2652D7J
39,Siffre,Ness,64252 Kropf Parkway,708-883-4566,RJ25A0NC20
40,Eveleen,Balsillie,54 Bashford Plaza,691-749-5224,0PUW8F528H
41,Lucien,Dorber,5 Kenwood Way,448-759-6024,P7VOR399JC
42,Belia,Longstreeth,57309 Memorial Park,700-555-1976,2F759Q1082
43,Dewitt,Shallcroff,778 Fremont Lane,575-235-6152,BIX8K42E92
44,Mariya,Jerrand,6551 Village Green Street,357-286-3699,RLNVY84VN1
45,Shaw,Pabelik,22699 6th Alley,440-170-8222,3EH45225RM
46,Sandro,Crisp,42 Bluejay Way,434-548-1707,5OG1A8M2XD
47,Glory,Glowacha,64 Steensland Park,816-825-1256,920XOT7I5V
48,Rubi,Trout,26 Texas Terrace,654-261-8058,5B4941I7DR
49,Leonerd,Mussilli,0612 Sunfield Avenue,451-183-4923,S5GQOJ0YO6
50,Jameson,Dalgleish,1 Aberg Street,334-247-9256,O6CM6AOA21
51,Ynez,Monck,5 Springs Parkway,443-757-4743,V79357GZ2P
52,Emmott,Reims,5 Briar Crest Place,144-211-0498,UG3R411ILY
53,Nan,Pitkethly,8748 Sommers Junction,210-365-7876,W642N9G4PE
54,Wendeline,Horstead,1 Rusk Way,544-662-7553,211EUK1PDW
55,Hilly,Allott,86 Oneill Alley,219-398-4180,Q98OI4DH62
56,Valene,Scotchmer,96297 Barby Avenue,975-357-1351,S0EF83W050
57,Saloma,Bellenie,5412 Stone Corner Crossing,206-508-6515,HKS0DM0R30
58,Cristian,Cancutt,49103 Prentice Center,213-225-8892,1G57904D8X
59,Evin,Tolmie,24 Mallory Center,279-186-3877,8TWN67KNZE
60,Malvina,Yelland,35810 Onsgard Drive,475-644-2042,D2724X2020
61,Grace,Buie,7 East Avenue,828-461-0026,2075110ESX
62,Aeriela,Rhys,19 Village Green Junction,642-372-2026,TJ68K8C1TV
63,Gale,Wollaston,4920 Delladonna Court,666-894-4548,N46DM9F1U7
64,Patten,Burnett,1 Fremont Way,674-541-4537,J991DI7U72
65,Miguela,Giacobini,155 Truax Center,759-712-9236,9492V8Z681
66,Brandie,Koopman,35 Meadow Valley Circle,694-138-8443,H6WTKM4W9W
67,Alvie,Guirau,9 Oak Drive,406-418-3910,4OI307433U
68,Caryl,Habin,2647 Carberry Park,286-780-1766,0K304B67SG
69,Gawen,McGroarty,41 Maple Wood Junction,958-521-3895,W40QD8D40M
70,Herve,Brinded,7 American Ash Place,163-127-0473,2POT9Y5146
71,Michele,Cartmail,839 Laurel Hill,296-198-4587,H7NKZW381F
72,Cathe,Drakard,623 Crest Line Park,547-249-8365,B2A6I96131
73,Madelina,Kyneton,17769 Thackeray Park,675-569-6331,P3E3ZCR1Y2
74,Ricoriki,Thomazin,80925 8th Plaza,394-377-5929,6Q780GY68N
75,Ricki,Jiricka,9423 Dottie Lane,122-298-4578,C6XM9J3M50
76,Waldon,Verni,48703 Moose Junction,972-418-3690,10OJEIMP06
77,Jules,End,6 Green Ridge Point,469-518-3754,UG23LJ8OJP
78,Moyra,Kulvear,3335 Jay Crossing,567-746-5783,J969ROY39K
79,Reinaldo,Rickwood,12 Bultman Crossing,922-266-5517,725HR7H4S1
80,Dewey,Maunders,8533 Birchwood Terrace,767-271-5839,RUTL547635
81,Wilhelmina,Meiklam,06 Anderson Trail,146-353-8319,0B246CY069
82,Adrienne,Bosquet,6 Lighthouse Bay Road,839-363-2194,NWNL95IE13
83,Lu,Dalgarnowch,6 Dapin Way,804-310-8678,4MG5N9CDI4
84,Dedra,Threadgill,002 Reinke Trail,753-606-2213,D5N262OR66
85,Ida,Warburton,2019 Truax Point,878-755-9322,GY56EN7DW0
86,Vittorio,Shelf,2 Barnett Road,289-457-8156,2608XOKTRR
87,Marie-ann,Allabarton,3 Sutteridge Hill,726-929-2244,5MIKX96MY7
88,Pauli,Kynett,8510 Schurz Place,291-605-1135,532D311HGT
89,Modesty,Duguid,31474 Superior Avenue,165-472-8168,19O280YA06
90,Patton,Kearsley,98124 Granby Road,773-379-4853,R2Z977SHW6
91,Gleda,Sponer,1334 Mayfield Pass,524-937-1932,57M5T320G1
92,Gareth,Wormstone,6219 Forest Dale Avenue,391-968-4425,P0K781N8S0
93,Gannon,Twidale,3433 Arapahoe Junction,829-446-5984,N96P87U3BT
94,Adi,Ellicombe,180 Huxley Lane,313-987-3675,Y44ZPBA1S6
95,Irving,Cantopher,0153 Sutteridge Plaza,312-566-2473,IJCBMTR3L4
96,Paulo,Pountney,07880 Cody Trail,510-301-6304,7084638C4M
97,Addi,Gove,2 Dayton Road,828-231-6634,H16LK45KT6
98,Welby,Dalziell,16 Fulton Avenue,942-401-0079,G182Y5RP90
99,Shannen,Midford,1 North Lane,124-382-8056,T650295A9O
100,Eden,Raynes,363 Lindbergh Alley,829-740-5133,91FATQDE46
101,Meredith,Dugget,89 Dovetail Center,596-469-5413,7M9JNC2F58
102,Christye,Swire,07274 Holmberg Junction,870-904-9390,14M6AZ4343
103,Douglass,Hablot,9184 Ridgeway Plaza,754-338-3926,C6PX9L5IQ5
104,Sollie,Stanwix,81 Coolidge Road,902-245-2586,9JRKY0X0EZ
105,Ruby,Wastall,9009 Prairie Rose Alley,906-229-3236,DN37E32SNI
106,Niki,Blincow,051 Judy Plaza,364-228-8198,GV6OTS3V4Z
107,Rania,Brattan,9 Granby Trail,860-803-7582,O0N3654710
108,Vania,Salandino,5 Mosinee Plaza,864-260-9477,65VDPH5542
109,Gal,Nelane,9963 4th Avenue,555-217-1745,Z6EY23KYBY
110,Rockey,Rogier,3 Butterfield Center,226-104-6874,31R5D25CPK
111,Kerr,Pickover,2 Lukken Park,959-993-3661,H54EFLJXN7
112,Netta,Banbrick,96 Valley Edge Road,739-770-9388,66VM1057E3
113,Cam,Fowler,54181 Ohio Terrace,187-743-7302,05FK679C9C
114,Ingram,Mowling,4013 Oriole Point,744-359-1214,06RB950V3P
115,Hephzibah,Beig,90 Waubesa Plaza,740-457-7801,6D6GQQE829
116,Jud,Goldberg,578 Saint Paul Plaza,809-594-1137,V363951I7K
117,Den,Houtby,1719 Moulton Point,468-357-1013,U740JYM904
118,Sara,Murname,9 Mendota Way,991-344-5212,4UI098ZSYT
119,Gregg,Tohill,179 Jana Center,240-115-4399,HCRJ1E7064
120,Gino,Brettoner,014 Oriole Junction,173-403-1098,19ZHMOAJG7
121,Early,Almak,73903 Toban Circle,901-996-2686,92NG9N5PN9
122,Kala,Cecchi,005 Linden Drive,589-809-9138,58OYIK1276
123,Jayme,Iacapucci,2 Clove Junction,161-501-5168,K4D356FPB1
124,Wakefield,Surtees,72 Bluejay Crossing,647-958-4873,2ZZ1606M65
125,Myrvyn,McQuillen,481 Melby Center,574-142-6755,RJ0T2OUF9W
126,Kirk,Durnin,6665 Oakridge Road,774-742-3422,ESE0Q2ZV7O
127,Ellynn,Dovinson,8 Heffernan Avenue,758-578-7513,Q33CI156ZU
128,Massimiliano,Semeradova,10 Spohn Road,599-708-3817,95N8GQQ1S5
129,Gabbie,Klimsch,77 Holy Cross Center,313-642-1163,7K3TPYV6F3
130,Hugues,Wickman,5920 Green Ridge Avenue,415-466-8334,2NDX208PF2
131,Chastity,Swithenby,4 Erie Court,431-364-4300,L5B4K1185F
132,Johnny,Hartly,9588 Portage Junction,106-469-9838,ER148C3EK6
133,Darda,MacAleese,506 Huxley Crossing,645-343-6930,F623Y9SCQ1
134,Edsel,Klas,032 Springview Parkway,573-334-6846,51KAQNAIY2
135,Shane,Walicki,1 8th Road,116-971-6804,WW9JB4L988
136,Berthe,Calafato,2400 Namekagon Parkway,744-470-2152,5GAKQLHDN5
137,Silva,Robertis,2735 Twin Pines Drive,701-427-2664,6LL3151ZNJ
138,Thedrick,Briddock,127 Hanover Trail,977-106-5423,29QCN6H10L
139,Renata,Paradis,13950 Morning Trail,326-845-0406,OTCO9YQ4P4
140,Ulrica,Jaycock,12067 Northwestern Alley,376-593-7593,950W5I8ZC3
141,Nobie,Kells,2 Prentice Circle,550-149-0851,1O9N48439O
142,Halsy,Scard,65 Holy Cross Junction,205-954-9354,U23TY94UG7
143,Shalom,Cressar,5 Burning Wood Circle,726-791-0045,D87Y31W46L
144,Gretel,Whiteoak,152 Hayes Road,267-462-8341,6LZ351069E
145,Haily,Farries,607 Vahlen Place,957-661-1772,7EM48GT890
146,Sabine,Tregido,501 Wayridge Junction,564-930-4504,92UF0NWC96
147,Liam,Bemand,5 Bonner Avenue,547-305-8949,IO6DB3Y7SZ
148,Nahum,Dacca,0868 Dryden Parkway,380-750-0074,83VHS78535
149,Kirstin,Whitford,609 Drewry Park,417-133-6624,16ZC5U85JJ
150,Jo-ann,Dunford,2 Portage Road,712-735-0051,7287IJ39NF
151,Allyce,Webby,610 Village Green Pass,179-499-8302,5LY8GDANYH
152,Hammad,McCome,03 Sage Place,214-839-5915,MB785S168Z
153,Davita,Drillingcourt,141 Browning Avenue,498-525-1671,73662U8A3F
154,Nissy,Sheahan,2 Moose Pass,238-606-4320,F00O9KV54N
155,Sebastien,Corston,67086 Mitchell Place,357-138-8711,IMV8EMEJ73
156,Shara,Stormonth,35579 Union Center,338-966-3947,E0YW1QTZF0
157,Tuck,Daniello,9 Lindbergh Hill,556-373-4032,2OA4MNK4KZ
158,Chelsea,Southall,58 Mifflin Plaza,554-194-4512,S4RIY672OL
159,Perl,Radley,16 Gina Avenue,144-471-6012,654Y50YZ91
160,Efrem,Labone,4 Moland Point,900-465-4076,I7JB20529V
161,Riobard,Dinsell,0025 Duke Junction,799-561-4174,8WE51BHG87
162,Davidde,Fibbens,92 La Follette Center,242-185-1836,P794IM2LIQ
163,Bethena,Clint,232 Packers Alley,680-268-1209,P92KZX4347
164,Hestia,Van der Brugge,26027 Clemons Court,146-618-1529,7OI2Y3JZ5E
165,Hettie,Ruppeli,61 Blackbird Pass,635-875-7160,PY672EP769
166,Worth,Wainman,01234 Mendota Terrace,209-171-8892,263A3I1WP4
167,Dannie,Rome,9654 Vera Point,856-491-7548,Z7588YNV7J
168,Carlynn,Truscott,26364 Mockingbird Center,210-721-9137,2E777XP5D0
169,Glyn,Allonby,9 Hintze Avenue,688-714-0017,384SGY0837
170,Althea,Klessmann,439 Shoshone Alley,822-100-7605,9PR82BRD9X
171,Monti,Deeney,771 Quincy Junction,808-397-7252,79X8AAV52K
172,Patricio,Monksfield,081 Welch Alley,398-514-8830,2AN7W7TG20
173,Ray,Crasford,8 Kensington Lane,661-950-1936,X8BCRP7454
174,Madge,Kinnane,82897 School Street,642-994-1332,ZN34FXNC43
175,Rosana,Dransfield,2738 Rutledge Parkway,770-530-5337,6YR9KD6K95
176,Salvatore,Wheelband,63 Kennedy Street,589-164-6692,Q650K2BU22
177,Alaine,Reightley,4659 Russell Avenue,917-897-2375,47IK93VG59
178,Carla,Elks,97 Pine View Pass,908-996-4794,88835K639E
179,Eal,Haggas,38 Anderson Street,630-496-1896,0192VM2OC8
180,Maryellen,Annand,4679 Russell Center,193-469-8567,V54VHB73T4
181,Rollo,Loche,79 Sherman Trail,105-718-1841,2056VCCQJ4
182,Ekaterina,Derrington,280 Butterfield Junction,687-539-3490,95H47BJ50I
183,Jerrylee,Clemenceau,8 Menomonie Avenue,160-513-0421,B807577R1L
184,Doralin,Keson,236 Washington Plaza,337-264-0098,NG21JD4Y9H
185,Lilyan,Hurkett,04 Marcy Center,818-437-4472,39Y89P27UX
186,Vanda,Gurnett,19453 Kings Junction,699-787-6980,649B4E8391
187,Chevy,Tichner,100 Crownhardt Point,986-419-9058,87H9US0937
188,Tani,Mistry,4 Lakeland Way,257-687-7576,REKB41T5CG
189,Karlens,Pinar,2485 Vidon Point,537-542-3064,X1QC2YO4A0
190,Ronna,Sanbrooke,55941 Rockefeller Terrace,679-705-7028,OE572MJ102
191,Aurilia,Yeudall,10 1st Drive,921-860-3676,04YI18665P
192,Morley,Coveney,95342 Macpherson Drive,793-606-5096,I7128DOCL4
193,Tristan,Schroeder,1922 Katie Way,363-107-1698,BZP8NCM4WF
194,Curtis,Darker,1 4th Point,705-297-1741,54TDB10H84
195,Josy,Pabst,433 Forster Hill,774-619-1879,O7A4CWLFD1
196,Lib,Stallard,98484 Hovde Junction,348-481-1339,WR85SL7E30
197,Rabbi,Sperring,92 Bonner Place,901-114-4543,MK41485D2N
198,Rhodia,Blowne,6538 Annamark Road,141-434-7538,AO3O9384IU
199,Kenon,Gaule,3161 3rd Circle,424-152-0911,JZO2V5X299
200,Gwennie,McGrotty,11033 3rd Plaza,807-370-1067,E86IW999VK
201,Allina,Abram,9259 Bartelt Alley,440-541-8952,7F5ZWP2E0M
202,Lucius,Kleinlerer,50 Maryland Alley,344-295-6697,H82847QUJS
203,Gretna,Emmett,30 Duke Point,652-901-3394,5A2898681N
204,Theodora,Regus,24 Tennessee Avenue,735-643-3911,U62619IR3V
205,Janaya,Choppen,536 Butterfield Terrace,317-877-2053,7JG8B6X1M3
206,Agata,Clinkard,200 Moulton Road,929-439-0914,C3509322WH
207,Wade,Feldbrin,6626 Golden Leaf Way,925-819-1350,4L1E651KB3
208,Chrotoem,Gant,430 Warbler Circle,660-318-2350,BU3R7W9495
209,Emanuele,Artois,9188 Katie Circle,993-710-9746,1QI68Y21VY
210,Marjory,Suttling,686 Pond Junction,855-952-1194,6IMHWJV21G
211,Eveleen,Paolone,254 Elmside Avenue,907-669-2396,8B7BX46RXM
212,Giovanna,Kitman,5273 Daystar Alley,821-113-1384,SCT8HI8454
213,Ancell,Gaynor,2 Coleman Pass,224-925-5848,A7VOSO33YV
214,Denny,Petit,02824 Waywood Road,821-784-6868,81L0K6LWJN
215,Mariele,Ibbeson,183 Sage Way,743-500-8134,7Y6N0D42S7
216,Fianna,Reynalds,2 Lien Crossing,317-133-3994,CNT2BQI35K
217,Salvador,Pallin,292 Fairview Place,874-741-7088,AFRWDM4N8K
218,Dinah,Sutton,828 Westend Crossing,788-489-0574,8K7998SO07
219,Jillie,Brazel,8 Bartelt Trail,384-834-1012,45XR3T9EDY
220,Kalinda,Bruhn,8819 Eggendart Place,581-310-1988,Q8Y17BP6K7
221,Martina,Bus,904 Mifflin Center,728-396-7115,Q7638Q9RKQ
222,Myer,Ragsdale,1 Shasta Junction,761-694-0735,H3360ZX5J2
223,Alayne,Jorio,69379 Buell Place,469-769-6884,59685284IO
224,Malinde,Matis,726 Waubesa Alley,594-825-2976,2L20E0GG94
225,Hildegarde,Cruces,3673 Dapin Circle,928-568-5081,P24Y240F5H
226,Daniella,Odcroft,777 Blackbird Pass,644-767-5203,0N38KHUR29
227,Lucina,Overland,53020 Springs Junction,531-757-1871,UA5ATSYCMW
228,Chadd,Phin,5 Eastwood Crossing,372-777-9107,39Q2FV4666
229,Robbert,Tellenbroker,7 Myrtle Park,451-264-9261,R58O18VNT6
230,Lorilyn,Limprecht,01742 Stone Corner Park,888-607-8891,2BZ698PXB9
231,Isidora,Sinncock,90 Surrey Parkway,865-485-3452,NLJ2B41HJE
232,Georgianna,Janczyk,81 Farmco Road,878-753-4954,B8O69K36PQ
233,Hannah,Madgewick,90 Truax Lane,104-662-5693,4605O8RU14
234,Rockey,Bloxsum,2 Amoth Circle,128-686-5454,WMY2TYU088
235,Edsel,Shuttell,15 Stang Place,102-548-3781,224A5L9WI6
236,Georgie,Berrow,821 Carberry Junction,594-221-0853,O2RI18RN34
237,Peg,Heffy,4331 Sutteridge Drive,960-991-6088,H2WQ9P1DMI
238,Fran,Vatcher,52689 Everett Junction,651-133-7984,D32VV352J5
239,Saundra,Oager,0677 Basil Center,790-781-8220,HNZWH1184J
240,Rudyard,Gouldthorp,73 Carioca Park,130-940-6432,O3KZQ214SP
241,Murielle,Di Franceschi,37437 Stoughton Place,938-678-7815,JY7L75M6RG
242,Halimeda,Callan,571 Monterey Hill,675-855-6824,PBU087TCJZ
243,Ralf,Gianilli,93618 Hoard Terrace,741-868-7501,969H6YI902
244,Doyle,Lockley,56 Eliot Street,322-399-8689,TK102VC2G6
245,Hodge,Woolvett,4 Luster Junction,127-749-4152,CAJP13SP3O
246,Licha,Naptin,00 Schlimgen Drive,892-194-2706,694R83CX1W
247,Kenon,Dalmon,8 Fairfield Way,213-544-4967,9897Y70RLB
248,Quincy,Robathon,37959 Vahlen Trail,572-573-7239,99PBY322H2
249,Elka,Ridel,73332 Petterle Pass,806-278-3101,IR4T07CN84
250,Torey,Streather,55 East Lane,536-841-4537,R3U7EM6PY1
251,Catherina,Thal,69554 Shoshone Plaza,952-643-1582,42OED0D51Q
252,Elli,Eicheler,1 Red Cloud Point,125-792-0053,78E732DY0O
253,Brandyn,Dyott,5 Ridge Oak Road,721-814-7823,2SWCRLBB1R
254,Donetta,Scane,968 Barnett Parkway,552-114-0970,XRT1M3U6F9
255,Dolf,Grob,12 Drewry Place,380-453-2962,W8N5AV2N5O
256,Saundra,Blakeney,40419 Loftsgordon Junction,746-346-0362,C91L43UX1U
257,Glen,Tyzack,0152 Meadow Vale Way,123-587-2859,U4E7O7OOOK
258,Stan,Goldingay,12277 Daystar Drive,733-570-8551,XPSK5P4H77
259,Fin,Mehaffey,004 Cambridge Court,162-799-4286,9D58C4BEK6
260,Roseline,Scardefield,297 Lukken Drive,677-964-9326,IP4SN2KW83
261,Blake,St. Pierre,4 Southridge Hill,111-863-2871,JQF235E51I
262,Becky,Chater,2697 Petterle Crossing,970-413-5634,P7J6M3BOJL
263,Grace,Billing,85937 Rusk Avenue,979-601-3356,409X3PG0XZ
264,Eddy,Halfhide,4 Sundown Crossing,786-242-6831,KDQOD7917N
265,Ertha,Hanington,7 Warner Point,906-786-2398,4108E5MQCS
266,Chrysler,Stone,2 Rieder Terrace,512-800-5287,VS507V5L46
267,Lyn,Dodgshon,519 Garrison Pass,753-214-4073,4E71N56O2G
268,Sigfried,Christensen,31 Atwood Crossing,702-277-5097,213NSDHY53
269,Rodger,Treagust,8231 Charing Cross Road,545-326-3784,K1I16Y244A
270,Arluene,Coate,83424 Grasskamp Circle,763-390-5867,FY8KJ6V147
271,Hiram,Dulinty,5654 Garrison Lane,929-467-8344,5YX68FCT37
272,Natala,Elmes,321 Coleman Pass,881-878-4124,10IJX5NRMQ
273,Heriberto,Impey,820 Declaration Street,927-139-7960,G3855F9B7S
274,Jeanette,Willshee,8644 Stoughton Crossing,666-575-2993,AB4FDQXP13
275,Josi,Christopherson,920 Corscot Drive,536-635-6263,9GL23W4YWT
276,Griff,Huertas,886 Upham Crossing,947-225-2808,O896TNZB13
277,Donna,Frayn,12 4th Avenue,125-385-3750,CZ233A808Y
278,Netta,Cash,80276 Bultman Avenue,844-940-6621,F49TY18Y6M
279,Cosmo,Patria,1 Macpherson Point,184-169-4104,3T79A20C66
280,Martie,Mangeney,410 Waubesa Junction,312-589-8847,UOH06970L3
281,Delilah,Tesmond,1503 Tomscot Point,603-176-6931,7616LL5R3T
282,Jodi,Oattes,025 Stang Point,499-625-4220,XVK33SB15T
283,Curran,Gaskill,8368 Swallow Park,840-531-5175,TYXG9M54TD
284,Christin,de Guise,60436 Prentice Drive,519-593-7331,6VIIQZ09BX
285,Wyatan,Birchenough,876 Sugar Alley,217-698-1603,415S31KWK1
286,Gaspar,Tremollet,4084 Shasta Point,238-659-1923,0408G3H812
287,Brand,Salkeld,14 Old Shore Crossing,109-228-3704,I930Q0NMA8
288,Mahalia,Muldoon,54769 Mallory Junction,130-936-9179,Y85Q83H6V5
289,Hube,Southcott,84679 Prentice Road,368-471-7409,TJEN5T54SJ
290,Barron,Coldrick,1 Oak Lane,157-212-0889,8GQJ11DMO1
291,Caril,Crosbie,9 Dapin Plaza,846-633-7874,X0KP9XF1UO
292,Skell,D'Aguanno,63745 Delladonna Center,689-643-2304,E2C28TU987
293,Rachele,Kingswood,515 Waywood Hill,807-297-5179,H0J2851VVG
294,Aime,Longina,13747 Service Park,605-645-3053,E07O1L5M2N
295,Ronda,Last,7 Cottonwood Circle,196-998-5225,E395YKG06J
296,Camila,Jago,997 Farragut Alley,948-563-9279,5IM52304S1
297,Kev,Tenney,1 Grover Court,802-734-6226,2F8L5XI79J
298,Babita,Hatchard,72 Coolidge Avenue,822-352-7203,0C501E9T6W
299,Gabriela,Caldwell,62830 Cambridge Place,510-527-6313,A0M3HA3D65
300,Minetta,McRinn,5 Gateway Hill,446-225-7809,OP0S3S2JX9
301,Emmerich,Davison,08 Dryden Avenue,680-741-5727,8Z90BXB6DI
302,Alia,Helm,96 Badeau Drive,557-246-8801,DR02R29K5K
303,Mathilde,Tuther,135 Riverside Avenue,827-834-3961,11A2QQ051U
304,Andie,Kasper,218 Gerald Crossing,994-431-1067,6VS686525Q
305,Carolann,Cadany,34 Pond Lane,341-818-1896,678YSY5UJ5
306,Zaccaria,Gerhts,10 Meadow Ridge Crossing,551-398-5190,D1TEZ7FH64
307,Vittorio,Winward,91227 Holmberg Drive,411-235-5176,261T127A23
308,Lynn,Aiken,89 Vernon Trail,529-395-8482,4BZH8AHV7M
309,Rita,Dymidowski,5876 Burrows Point,942-670-4139,9WU8CI3SZJ
310,Ichabod,Bertolin,929 Leroy Plaza,683-430-4862,WIY7589046
311,Antonino,Olivi,2 Di Loreto Alley,582-889-1150,AY438Z06J1
312,Dorian,Igglesden,0 Blaine Point,971-776-8719,30W2TI5595
313,Kinnie,Andriesse,6689 Kropf Circle,639-726-6729,V1A831BWOK
314,Lizbeth,Dulake,9 Thompson Hill,116-675-8504,2DH86CH3WS
315,Kevon,Sooper,231 Cody Parkway,883-447-1249,X749620A9T
316,Waverley,Roselli,72748 Stone Corner Hill,271-241-2259,XC18BUHC25
317,Shermy,Revington,987 Independence Lane,120-891-7673,48333P8IM9
318,Morgana,Buttrick,214 Havey Court,413-610-0908,964R56BNZV
319,Bastian,Firmage,57344 Amoth Junction,719-307-5637,SP86CZVB57
320,Lelah,Ismail,2495 Becker Parkway,971-692-9008,23746I2251
321,Victoria,Heard,96 Cascade Point,763-707-3198,23F72FPCF8
322,Zachariah,Galpen,434 Arizona Circle,959-972-6779,R21H0W8221
323,Helene,Pantridge,378 Straubel Parkway,397-291-9065,1P5Z91B2P2
324,Felicio,Campagne,097 Anhalt Road,973-503-2346,YUI35E03QA
325,Beryle,Matresse,539 Tony Center,563-638-9365,ZLQTE01P40
326,Donalt,Heyfield,63630 Sherman Court,889-300-0958,5DGRD3BS80
327,Davon,Heavy,9430 Express Alley,812-737-0329,O4D0Y2R436
328,Kip,Mehew,041 North Circle,180-704-9642,0V1H642Y04
329,Fanchette,Chaim,5 Monterey Terrace,215-431-2438,365DHI8UQA
330,Sharia,Twining,96958 Redwing Plaza,580-161-7955,9B99CKHS68
331,Heddie,Costock,46 3rd Trail,875-893-1025,LUEQ2X1D86
332,Gianni,Corby,0450 Stone Corner Junction,242-546-3626,52WAM9OO1A
333,Kaylil,Donohue,7 Fuller Drive,174-560-6372,0E2D47FFAI
334,Aila,Asaaf,607 Becker Drive,408-517-6502,1846UHG29C
335,Temp,Cod,174 Carey Court,624-536-1485,AH4CWS64B5
336,Cherie,Pringle,3464 Spaight Way,900-398-3585,90A7DA4WCQ
337,Lucinda,Snarie,45 Messerschmidt Lane,533-457-0484,8135IT98U5
338,Alina,Senner,0 Mayfield Place,554-755-6045,761MCWE26Y
339,Obadias,Simoncini,918 Petterle Alley,117-454-5764,4Y75SNE223
340,Marne,Hayers,31 Sunbrook Alley,173-863-8882,7S73WY6300
341,Seymour,Ceresa,953 Waubesa Center,788-629-9574,S5SDJB8C7A
342,Slade,Matejic,70 Algoma Park,463-851-8715,09F60G70F1
343,Corbie,Erb,443 Heath Hill,810-828-3519,0DP6RDG9L4
344,Giles,Stapforth,6553 Farmco Parkway,524-294-4614,YBR4MUNHRO
345,Trevor,Keinrat,4 Harbort Hill,579-843-5430,SDJ08MZL21
346,Zak,Jellis,79 Vidon Circle,510-888-0447,53BIUY4A0U
347,Lisa,Parris,98 Kennedy Drive,157-728-5033,8KI1X0SBE1
348,Aprilette,Cusworth,3 Petterle Lane,310-354-1096,HHKQ0NI5DU
349,Sigismond,Husbands,54 Toban Parkway,482-205-0480,J746XXX352
350,Arden,Gaitley,7597 Maple Avenue,549-818-9049,GW89FX4Y61
351,Upton,Deehan,48298 Drewry Trail,546-142-8171,U88GY38JEK
352,Herold,Kolyagin,02 Farwell Trail,738-118-8500,OTO1YOS946
353,Myca,Abbay,2924 Veith Place,211-458-1075,JS16R5E305
354,Candis,Bagworth,6 Randy Trail,792-873-7790,9118I6OI0S
355,Tina,Birkbeck,53 Briar Crest Court,732-558-5424,ZC3LEZ66GY
356,Dallon,Teissier,1 Lake View Circle,905-548-2335,KN4NFQ93U8
357,Ad,Novotni,14209 Packers Court,206-996-4840,9S14T2B0BS
358,Palmer,Dangl,30 Orin Drive,401-551-6195,2YPE351007
359,Colman,Jeroch,8 Gerald Lane,910-120-9758,FSG5N1U44E
360,Lambert,Peedell,634 Glendale Pass,295-279-3685,7OO682591K
361,Maddie,McNern,45 Debs Trail,435-161-3727,4ZX3612N53
362,Bobbye,Delap,6 Artisan Court,669-853-3557,39692NVZF7
363,Freddie,Lefridge,1 Morrow Road,228-627-9752,F52410RJV5
364,Husain,Yanyshev,8273 Hansons Court,502-118-3370,J2U2E6F672
365,Hal,Challiss,1 Clemons Point,839-237-5832,03X6ZP88Z3
366,Sax,Faccini,47224 Forest Dale Terrace,460-550-4625,AT7O4PJSQG
367,Brannon,Simkiss,05027 Beilfuss Way,388-925-9048,JB63PNL977
368,Dalis,Gardner,361 Atwood Pass,565-212-5294,A97IUSAZQU
369,Drucie,Stitson,392 Messerschmidt Pass,578-509-0482,3W1S07U95N
370,Waylen,Gumey,67 6th Center,610-694-5043,8579CY58B3
371,Rolland,Pallent,11 Forest Run Place,473-506-6657,6JJ2TM17LZ
372,Adey,Jeays,68 Eagan Hill,411-757-5882,AG256YEYZ2
373,Avivah,Fenny,3791 Dorton Avenue,717-426-6073,3174W1ZU2B
374,Chadwick,Iori,4630 Jay Road,971-860-7130,2162X22406
375,Levon,Paxeford,074 Merchant Road,321-492-5621,AE74CU049O
376,Malissa,Wretham,0 Prentice Crossing,329-175-5540,E1R994Q1BY
377,Edi,Conry,3 Buhler Terrace,451-573-4175,PS613Y8R5K
378,Brad,Stienham,9 Waxwing Road,264-100-0243,6OI2N3T17D
379,Walsh,Madden,82 Pearson Court,238-230-0825,X6H6PKE9Q5
380,Hashim,McBrearty,524 Hooker Circle,713-945-1421,IQ8FX53D1C
381,Shermie,Tait,7 Donald Junction,349-900-0517,OSUY27CWUI
382,Luella,Grisewood,8898 Lerdahl Plaza,461-196-4177,315ZL507B6
383,Ursala,Tirte,393 Charing Cross Parkway,208-939-2755,T2IM2BQ1OR
384,Hurley,Helin,2614 Continental Road,446-863-2777,79AS48S172
385,Garland,Baxendale,902 Canary Avenue,340-901-5347,96YGH3H768
386,Curry,Fellenor,0001 Hanson Street,444-329-5360,YOA57N8QL3
387,Hall,Caskie,922 Rieder Pass,792-562-3189,D8FY1CN2F0
388,Vivyan,Winders,71 Dahle Crossing,904-721-0907,X39112J200
389,Gay,Gollard,37312 Steensland Junction,358-608-0610,IE97EP54N5
390,Pansie,Lincey,63 Veith Trail,727-538-1147,99IK36653U
391,Marven,Garham,301 Bunting Circle,781-101-8241,280182HM0Y
392,Trip,O'Reagan,2 Prentice Circle,967-819-3226,Y674JW1H77
393,Cathie,Condon,20314 Lunder Hill,183-229-8818,51G0802725
394,Beatrice,Abela,172 Homewood Alley,334-247-0739,2220825NFO
395,Marjory,Greggor,90 Hayes Center,325-223-0670,0041BIED3O
396,Sal,Hall-Gough,79 Kedzie Place,650-919-6573,2UW85R76M1
397,Chery,Chestle,2 Jana Center,153-864-5135,1W1ZUR2V18
398,Fraze,Adanez,8319 Mariners Cove Court,185-996-5990,5VTP73S3QT
399,Jae,Spraggon,06 Randy Point,974-887-6413,8C9XQ1L7O5
400,Dasha,Beaves,00166 Village Green Junction,243-324-5286,21V2DU5336
