witness_id,name,last_name,phone_number,violation_act_id
1,Dede,Reuther,393-759-0269,323
2,Kirsti,Avieson,800-590-8126,642
3,Virgil,Klimaszewski,643-785-9780,949
4,Cathleen,Banisch,819-704-3977,363
5,Buckie,Koopman,191-629-8108,88
6,Candie,Kuhnwald,505-894-6045,1386
7,Theressa,Emmert,442-775-1072,475
8,Allyson,Joisce,325-262-4548,438
9,Garold,Elwill,402-533-7809,8
10,Elvira,Kale,832-670-8734,1052
11,Emiline,Harlow,728-345-5351,639
12,Ardella,Egar,671-881-6250,714
13,Alberto,Osgodby,807-176-9257,1341
14,Husain,Minto,311-540-3054,1095
15,Sean,Yurivtsev,494-559-1771,985
16,Wes,Sparry,260-521-6385,1130
17,Pryce,Cobley,254-378-0063,270
18,Tarra,Grebner,160-935-9379,1166
19,Gaylord,Van Leeuwen,318-646-9338,1425
20,Max,Getley,922-202-7598,737
21,Floris,Pavelka,111-187-8429,541
22,Gabe,Widdowes,803-593-5319,848
23,Yetta,Dovinson,414-786-7889,888
24,Clarabelle,Gouthier,413-920-9977,1482
25,Sashenka,Wareham,563-849-0545,1465
26,Briggs,Surgener,929-350-9788,912
27,Phillipp,Kleen,630-831-7491,1462
28,Buck,Leeb,722-782-5406,246
29,Sherwin,Klyner,505-509-8501,201
30,Evelyn,Rastrick,705-964-3452,1211
31,Glenda,Sherwen,265-524-6957,682
32,Lydie,Scroggs,338-576-7564,1339
33,Stan,Bester,336-685-5756,1074
34,Alistair,Giraudeau,223-792-0648,574
35,Odetta,Combes,198-456-8123,1350
36,Valenka,Jarrelt,586-408-6290,390
37,Laird,Thorley,958-878-3529,1102
38,Nike,Holton,783-998-6008,372
39,Willyt,Stoacley,640-456-7631,521
40,Carey,Burchett,576-740-4545,1447
41,Travers,Linnard,691-639-4936,1465
42,Barnaby,Simeon,886-240-9807,60
43,Shalne,Crallan,844-946-6921,1079
44,Adel,Jobe,947-554-8554,1026
45,Karrie,Mildenhall,191-498-1299,1134
46,Sarajane,Idell,780-453-3934,1176
47,Gawain,Killelay,793-415-9932,454
48,Abbe,Cattenach,710-109-9013,1214
49,Agustin,Jorn,195-216-5552,1208
50,Belva,Earry,912-379-3325,654
51,Robby,Balogun,213-410-2847,41
52,Roseann,Ingolotti,642-365-3328,478
53,Arlette,Every,993-928-3530,252
54,Ewan,Amoore,468-829-0405,1194
55,Nannette,Beelby,300-945-4081,554
56,Jeremie,Iacovaccio,946-389-7245,526
57,Sara,Glayzer,103-211-3099,1500
58,Juliana,Glasman,825-662-3812,990
59,Maurine,Jerschke,278-356-5534,46
60,Leia,Matteoli,629-204-8585,266
61,Demetrius,LeEstut,651-185-0262,335
62,Elena,Huggins,320-398-9687,1126
63,Drugi,Keijser,336-737-0195,607
64,Dominique,Lambole,257-434-3068,392
65,Danell,Dat,512-607-1867,1024
66,Linnell,Jewster,991-876-7636,1344
67,Denise,Rollason,803-561-0040,1304
68,Roselin,Stubbington,445-581-7281,921
69,Natividad,Frankton,921-308-0275,1419
70,Bernadette,Larmor,229-657-6907,1385
71,Malchy,Cayzer,181-602-2397,1497
72,Miriam,Labdon,456-714-5122,695
73,Annmarie,Winchcombe,568-683-0445,1082
74,Arlette,Stubbins,137-452-4340,1332
75,Hubert,Shitliffe,333-926-8168,502
76,Miriam,Nurcombe,698-680-6600,1316
77,Torrin,McJarrow,324-627-9629,859
78,Creight,Levesley,466-502-9660,594
79,Vally,Huckerby,653-198-1391,310
80,Nicky,Kunrad,468-187-4327,781
81,Pippa,Gillhespy,460-791-6109,504
82,Brian,Goodwyn,801-432-3835,678
83,Elvin,Surfleet,688-232-0254,1114
84,Cherianne,Kenrat,617-587-3513,618
85,Levey,Batsford,779-862-0308,150
86,Mirella,De Meyer,479-669-0654,1284
87,Leola,Arderne,129-571-9820,1102
88,Sidoney,Mateuszczyk,429-318-6368,1012
89,Ogdon,Braidman,775-134-7164,488
90,Gilbertine,Berringer,861-958-0509,50
91,Jeffie,Duester,693-561-6743,315
92,Hewe,Holsall,196-830-3265,757
93,Arleen,Marieton,836-615-4152,522
94,Kitti,Stoite,984-649-0628,1325
95,Bertha,Duferie,304-267-5904,1403
96,Tera,Muzzi,830-147-5696,820
97,Valli,Fumagalli,324-280-6978,1260
98,Janeczka,Kasperski,239-860-9895,172
99,Lief,Pennetta,788-657-4320,117
100,Willie,Lampl,108-391-2199,320
101,Alanson,Milliken,717-533-4236,1074
102,Tatiana,Lindback,420-663-0575,500
103,Hannah,Putt,516-457-5433,311
104,Bernete,Satterfitt,536-477-1041,1140
105,Onofredo,Torregiani,722-843-4276,433
106,D'arcy,Wheelband,927-200-0389,333
107,Lexine,Epsly,749-920-8354,1026
108,Brooke,Vanshin,582-247-7518,823
109,Isabel,Fenelon,574-390-7175,850
110,Torie,Stanbrooke,719-170-6264,560
111,Beverly,Purvis,118-602-8802,791
112,Patricia,Moggle,251-329-7700,329
113,Roth,Todeo,536-716-6249,561
114,Dulsea,Mulles,119-140-0755,786
115,Corbett,Gouldthorpe,112-959-0241,633
116,Lonni,Cressey,738-380-9676,537
117,Wally,Corck,668-887-4466,561
118,Rickard,Stairs,912-250-9309,991
119,Anderea,Haselhurst,360-512-3406,979
120,Barbara,MacKey,899-616-4971,1451
121,Farrand,Dobrowolny,171-298-0168,974
122,Claire,Argente,442-163-0050,186
123,Isabeau,Todman,170-756-3714,242
124,Wakefield,Poad,796-848-0538,650
125,Trista,Ren,466-572-9612,717
126,Daven,Daughtry,401-876-4268,1071
127,Neile,Halpin,717-350-4675,1458
128,Frederic,Thewys,758-335-4724,984
129,Rollins,Vogl,766-143-4091,985
130,Georgena,Pedreschi,670-579-9671,159
131,Link,McCrohon,836-131-0477,732
132,Misti,Storrie,132-199-1261,1483
133,Claretta,Ritson,489-117-6450,865
134,Filmore,Prayer,611-837-3682,89
135,Mallory,Chittie,742-832-3693,103
136,Sanson,Rummings,504-926-5185,1234
137,Osmond,Caulier,631-440-0787,670
138,Nicholas,Lazell,580-146-7213,248
139,Aldous,Galley,550-287-5866,417
140,Wilhelmina,Morley,296-116-5484,669
141,Kelsey,Weber,166-793-3201,431
142,Harman,Crosen,984-224-5880,89
143,Edith,Beere,849-238-7657,29
144,Lilla,Blunsum,192-137-3685,1290
145,Nicky,Coogan,813-903-9768,944
146,Merna,Comer,836-562-6393,575
147,Geoff,Ibell,356-483-6132,277
148,Karney,Mosedall,799-107-1611,1356
149,Adena,Wheble,516-406-6251,998
150,Tatiana,Arsey,900-205-5989,895
151,Gerard,Savins,210-371-7636,580
152,Leslie,Tooke,532-928-5337,1054
153,Ignacio,Helsby,705-220-7251,1084
154,Moria,Dunwoody,365-421-4257,134
155,Lonnie,Lamberto,875-146-7273,1396
156,Josselyn,Standish-Brooks,212-676-5096,134
157,Chevy,Lett,474-867-3226,770
158,Yoshiko,Tatem,390-809-8089,497
159,Nancee,Pluvier,993-957-2607,42
160,Pauletta,Makiver,755-835-0670,340
161,Dick,Olenikov,250-575-0190,1260
162,Cindelyn,Normandale,279-695-9094,966
163,Nan,Scudamore,606-225-1880,1384
164,Shelby,Cosens,929-893-2120,853
165,Deedee,De Vile,633-717-7728,1281
166,Luciana,Murty,637-101-1499,535
167,Cristina,Andreotti,570-867-8651,813
168,Leah,Codd,551-687-8026,820
169,Collen,Baulcombe,665-856-9728,859
170,Moina,Faircley,147-376-0485,86
171,Dame,Darch,645-420-7060,867
172,Yvon,Rodder,473-501-1874,48
173,Daloris,Abys,942-379-4970,899
174,Boigie,Mackrill,927-243-4131,1313
175,Justinn,Collinette,570-967-3519,296
176,Clarinda,de Courcey,506-190-4918,456
177,Zondra,Mungane,927-174-6942,89
178,Judye,Keri,695-285-0629,738
179,Remington,Zorzini,728-599-1178,474
180,Tyrus,Olliffe,971-458-1698,1011
181,Omar,Guidetti,236-330-1798,541
182,Zelma,Gilgryst,221-890-2879,934
183,Moira,Baldree,640-123-3300,1442
184,Moritz,Guerrazzi,747-227-5482,1029
185,Elianora,Edmondson,330-275-1389,1383
186,Marcela,Sivyer,879-425-7452,1058
187,Jannelle,Pattingson,734-301-6981,1371
188,Claude,Taffarello,892-762-4061,178
189,Locke,Kennedy,270-532-7648,336
190,Ricardo,Manuely,592-189-3048,787
191,Edouard,Vogel,381-569-5366,1286
192,Quincey,Dron,567-693-0708,584
193,Etienne,Leader,314-329-2794,1270
194,Saundra,Cushion,310-765-3427,36
195,Clemens,Bools,810-862-1979,638
196,Duffy,De La Coste,648-460-8841,996
197,Paten,Herreran,630-540-3424,235
198,Eldredge,Lehemann,827-138-2558,704
199,Starr,Keston,784-479-6521,819
200,Kania,Rzehorz,373-366-1262,1209
201,Prue,Bearcock,390-474-3211,695
202,Alex,Silver,618-519-4370,817
203,Enrique,Furse,786-132-4602,1391
204,Krishna,Redwing,685-660-4155,1357
205,Jeromy,Ide,516-305-2814,2
206,Jordan,Pidduck,650-813-7901,283
207,Forester,Isakowicz,600-799-9262,982
208,Tanner,Amner,461-692-8414,1271
209,Pansy,Ashpole,986-847-2709,1126
210,Hadrian,Comelini,212-931-4752,1490
211,Jayne,Kalisz,538-910-7627,36
212,Cathi,Grent,585-167-9017,394
213,Flory,Andrys,857-960-9980,1003
214,Evaleen,Gartland,272-937-4834,762
215,Karalee,Lakeland,425-657-2224,1184
216,Olivia,Darree,508-538-2037,696
217,Standford,Nevinson,970-463-6229,565
218,Stepha,Heaney`,948-399-3106,1359
219,Janeen,Bolver,582-273-3393,785
220,Artemus,Eastwood,270-350-0670,928
221,Berkie,Shellcross,305-122-3107,355
222,Noland,Cromblehome,362-451-0981,1187
223,Wallache,Marrison,709-364-3654,695
224,Sherwin,Timson,359-968-8006,422
225,Essie,Grayne,395-696-1469,668
226,Floria,Gauler,525-831-7159,931
227,Noami,Pastor,813-347-2023,1280
228,Godwin,Middlemiss,976-594-6613,1381
229,Isidoro,Lief,840-128-9643,131
230,Fitzgerald,Mollison,613-126-2552,8
231,Domenico,Scotcher,502-301-9485,454
232,Aldon,Goldman,616-705-4249,305
233,Roseline,Hirtz,904-956-2841,423
234,Lorin,Haglington,777-766-2577,1172
235,Portia,Fitt,815-796-1702,597
236,Vaughn,Covelle,208-671-5228,600
237,Dayna,Camidge,150-255-6204,838
238,Michele,O'Donnelly,969-494-3324,1393
239,Perrine,Sheraton,713-111-9946,740
240,Brittan,See,259-764-7831,88
241,Janek,Matuszyk,914-724-2289,1414
242,Harley,MacGaughy,470-948-5885,380
243,Brietta,Haborn,789-922-8396,37
244,Sarine,Fowden,950-394-9688,975
245,Drusy,Matys,559-566-4370,956
246,Aldous,Robotham,106-317-3399,930
247,Victoir,Agney,694-792-8378,398
248,Rockwell,Crame,487-624-8826,708
249,Becki,Crinson,970-137-3585,703
250,Frieda,Hands,592-767-9511,153
251,Vivyan,Windle,233-368-4011,1382
252,Rodrick,MacAndie,294-249-0971,654
253,Elke,Kenney,741-670-1308,463
254,Nona,MacCorkell,288-629-2391,226
255,Sileas,Tripcony,272-649-7477,501
256,Sapphire,Swinford,700-754-0652,1007
257,Delmor,Cecere,104-992-8854,245
258,Brook,Landell,530-374-5446,806
259,Collette,Spellesy,788-232-8112,1294
260,Riley,Desseine,334-985-1000,724
261,Henrik,McDuffie,382-411-9682,879
262,Juliann,Flaunier,874-434-1843,213
263,Alexandrina,Geindre,475-393-2582,1435
264,Nadia,Greenmon,666-349-1364,728
265,Ophelie,Maxweell,890-276-4991,209
266,Catrina,Adamthwaite,432-242-9119,419
267,Rodney,Jephson,994-483-9951,177
268,Angelica,Buddleigh,447-538-8663,1256
269,Leeland,Piesing,862-334-5314,1375
270,Damara,O'Corhane,712-294-9875,415
271,Angie,McLurg,703-483-3802,1413
272,Boy,Mc Grath,340-916-4102,645
273,Ellissa,Rotge,973-984-2070,999
274,Findlay,Saward,555-517-0702,1005
275,Merilyn,Dumphries,526-427-8234,773
276,Leonora,Cremin,191-763-9374,918
277,Monte,Toward,519-346-1265,738
278,Morley,Finder,222-314-8219,1070
279,Mayor,Adame,725-712-6985,386
280,Tam,Giraldon,224-350-0405,1415
281,Collette,McKoy,643-648-2183,369
282,Estrellita,Stebbin,706-303-9466,399
283,Orv,Emeny,551-677-7957,263
284,Alphonso,Buzek,843-228-0077,1331
285,Byron,Knott,695-708-7923,876
286,Tripp,Ericsson,407-983-1230,1235
287,Germana,Stones,933-414-1288,1386
288,Tillie,Exrol,359-377-6797,1396
289,Hailee,Bownass,601-824-4267,159
290,Conway,Partrick,933-732-8269,1249
291,Marget,Verrills,651-836-0714,623
292,Nial,Kobpac,304-155-6662,1071
293,Ripley,Manston,622-721-8487,207
294,Brina,Berthon,118-667-8382,599
295,Farra,Trevaskiss,851-346-1083,826
296,Nathan,Freddi,363-811-2030,643
297,Peg,Bolderson,886-630-3327,454
298,Fabian,Hassin,473-146-4495,332
299,Imogen,Fautley,977-875-2166,430
300,Dyane,Garfirth,167-880-2606,569
301,Sheilah,Buske,683-869-5855,86
302,Danie,Skarr,539-879-8957,782
303,Baxter,Stanex,630-772-0818,1284
304,Catha,Bartalini,602-538-0123,143
305,Nell,Gallemore,351-680-1761,1479
306,Rasla,Whiteford,137-937-5472,717
307,Nicol,Wherrit,800-449-0292,507
308,Micky,Stanbra,775-907-7419,1319
309,Kai,Benedek,661-527-7058,465
310,Huntley,Breitling,911-545-5738,1229
311,Naoma,Sharland,653-190-7724,908
312,Eolande,Girke,502-720-5431,21
313,Claudius,Baumber,521-823-9084,898
314,Judye,Gayter,951-419-8178,346
315,Con,Allen,839-621-5027,1493
316,Kyla,Mainston,316-502-6514,1049
317,Stephie,Wilkisson,459-719-7470,642
318,Christie,Gravy,691-668-3563,21
319,Obadiah,Kehoe,164-516-7764,352
320,Isaac,Cianelli,936-658-8724,1384
321,Dian,Searchfield,178-992-8417,584
322,Pooh,Shippam,275-528-3529,1171
323,Ebeneser,Rowe,688-981-0852,909
324,Swen,Shirtliff,151-693-0293,1450
325,Barbee,Mazdon,834-886-5073,619
326,Annabela,Elverstone,888-944-3528,137
327,Arlina,Gosling,265-164-5408,1181
328,Deeyn,Eltun,351-703-5244,173
329,Sean,Dishmon,661-826-4863,77
330,Rheba,Zelland,881-600-2355,510
331,Lucius,Redpath,603-531-5940,1339
332,Ibby,Peplay,187-370-7209,1232
333,Conant,Glendinning,933-620-8391,302
334,Brandyn,McAmish,626-762-4608,1181
335,Zedekiah,Scarff,138-123-2015,1495
336,Judy,Ramelet,529-823-3589,967
337,Jayson,Dimanche,792-202-6167,1220
338,Pierrette,O'Brian,830-339-0108,850
339,Mario,Ashbrook,970-976-6434,590
340,Colette,Dubbin,142-180-0105,629
341,Fee,Gale,282-634-9849,1028
342,Gregg,Dowthwaite,586-827-3244,66
343,Ozzie,Bugden,923-302-0353,1296
344,Maribeth,Loughlan,756-228-9772,207
345,Kippie,Hallyburton,648-708-4767,985
346,Theda,Haffenden,308-520-6447,1375
347,Dante,Van Merwe,886-437-3131,187
348,Madonna,Ducham,694-387-0332,639
349,Stacy,Cauldfield,275-889-7492,823
350,Hilde,Semmence,963-687-0178,1223
351,Linette,Durgan,419-949-8891,1082
352,Matty,McTrusty,750-351-2612,683
353,Moyna,Halford,748-946-9346,1030
354,Jamill,Northley,438-395-2048,685
355,Barbra,McSporon,799-329-6719,377
356,Red,Smalley,426-964-7138,449
357,Jeralee,Lethbrig,558-550-9732,1394
358,Bethena,Cordes,140-431-3694,1123
359,Anne-corinne,Dowrey,432-774-0481,640
360,Juanita,Carlon,222-987-7525,967
361,Rowland,Lorait,666-330-7298,347
362,Susanna,Milliken,558-646-2865,82
363,Ninetta,Kunzler,238-706-9616,603
364,Marsh,Shurville,674-107-9902,1220
365,Chane,Bloxsome,319-367-6006,1152
366,Ebeneser,Reeds,541-733-5716,171
367,Winfred,Buck,795-116-8730,885
368,Pieter,Hugland,304-560-4822,795
369,Chico,Sighard,727-431-5881,10
370,Humbert,Keming,701-822-3071,952
371,Zorine,Ivanshintsev,661-819-5776,1166
372,Davon,Choupin,560-332-6536,975
373,Evangelina,Margaritelli,701-583-0083,655
374,Jessee,Vlasyuk,244-476-4420,605
375,Renelle,Alleyn,984-162-2516,37
376,Roy,Skellon,945-316-4495,273
377,Des,Ridulfo,498-150-3596,635
378,Heloise,Jarry,511-110-2619,490
379,Jannel,Bursell,323-146-2094,1421
380,Valentina,Hasker,337-141-9807,1273
381,Maye,McCrackem,363-516-8079,979
382,Jeddy,Fairfoul,795-952-3365,272
383,Nathanael,McCroary,977-994-5113,659
384,Clair,Keavy,251-601-8909,823
385,Micaela,Elfleet,356-906-5985,1163
386,Michelle,Danahar,633-433-7390,1313
387,Archibald,Marchetti,176-455-1233,979
388,Nichols,Rowlinson,723-971-3017,148
389,Sallyann,Fearney,164-624-3690,380
390,Abbye,Griffith,969-992-8283,977
391,Ernaline,De Robertis,187-535-6291,292
392,Marabel,Stathers,452-837-5132,1404
393,Tybalt,Bussey,242-316-6877,1318
394,Del,Diehn,636-922-5667,34
395,Diarmid,Trowel,960-763-4857,346
396,Carolyn,Lembke,683-460-2934,1196
397,Windham,Blaver,178-672-9745,1410
398,Bryon,Dovermann,129-599-4104,371
399,Nellie,Lamperd,299-169-1420,308
400,Filippo,Beldham,887-877-9332,600
401,Clarabelle,Brantl,677-728-3453,18
402,Erna,Exall,916-399-6663,1265
403,Iggy,Everly,406-810-7852,948
404,Dalia,Middlemiss,941-440-4047,255
405,Jeffie,Fakeley,409-420-8984,892
406,Toby,Hammerstone,791-581-4892,330
407,Farrell,Matusovsky,438-844-4156,1299
408,Emogene,Jennaroy,856-328-4371,42
409,Ad,Stranio,444-133-3058,468
410,Orelia,Blasiak,184-473-7921,1144
411,Erinn,Holde,701-340-8196,1304
412,Vergil,Benford,115-756-8722,385
413,Rinaldo,Silly,166-128-6080,358
414,Mona,Parnall,802-494-0553,1242
415,Yule,Chester,502-271-4234,585
416,Maggy,Jollands,302-641-3677,923
417,Kathe,Rosberg,384-144-8588,510
418,Ivy,Iggulden,915-324-8252,795
419,Harriett,Patterfield,113-192-5766,1223
420,Marcellina,O'Skehan,318-709-5399,438
421,Lynette,Otteridge,336-119-1077,960
422,Joelle,McUre,354-325-3389,67
423,Laney,Steinham,254-580-6378,827
424,Starlin,Erickson,340-525-6071,1238
425,Ilka,Kinnoch,763-330-9797,213
426,Dex,Gowen,476-418-9559,730
427,Maxie,MacCostye,701-515-3563,1448
428,Richard,Gomm,420-633-9429,70
429,Norris,Polden,251-829-4989,230
430,Laureen,Tourot,797-108-0730,1111
431,Zea,Huikerby,655-773-0604,528
432,Verne,Thomelin,315-407-4613,874
433,Valentine,Jee,828-737-4888,965
434,Delores,Jeroch,831-666-9050,825
435,Frasquito,Sellman,434-378-5328,126
436,Alex,Calder,847-378-4494,75
437,Jeff,Tipler,540-185-9944,46
438,Audry,Crafts,742-675-4282,1135
439,Lynnea,Judson,782-916-5422,233
440,Catina,Beincken,345-600-0926,1387
441,Meghan,Duquesnay,386-907-4127,947
442,Liam,Cota,732-322-8444,1028
443,Brear,Ismirnioglou,286-346-8755,415
444,Rafe,Work,736-980-7696,807
445,Dare,Vossgen,431-813-6632,61
446,Anabella,Franzolini,239-822-5589,417
447,Morgen,Spohr,545-529-3346,187
448,Kalindi,Kondratenya,521-629-4735,1254
449,Lulita,Dendon,368-108-2278,854
450,Ab,Jacobbe,511-194-0831,226
451,Carroll,Camden,350-282-2121,863
452,Caritta,Acland,414-964-5157,106
453,Payton,Murley,778-560-7585,193
454,Nichols,Labbett,844-238-8803,1020
455,Leena,Scullin,200-980-0995,538
456,Davita,Tapton,134-247-1263,367
457,Herc,Hooks,579-641-0818,1237
458,Louie,Pietersma,542-595-5511,739
459,Hurley,Dedenham,545-693-6307,368
460,Kipp,Ivankovic,207-736-2820,1192
461,Cyndy,Korejs,825-993-3253,1035
462,Hermy,Veasey,812-362-3905,1321
463,Skip,McGee,874-272-6522,612
464,Archibold,Hethron,829-624-2391,1212
465,Cora,Soane,328-994-3789,1294
466,Joane,Adhams,109-255-1978,823
467,Merline,Beckett,212-739-8022,563
468,Thorvald,Trimmell,375-365-0047,1283
469,Ivy,Ogdahl,544-379-7030,1446
470,Konstance,Vallentin,780-285-8905,99
471,Silvia,Hewkin,855-357-6795,1422
472,Seline,Emms,868-532-3873,717
473,Kira,Lortzing,634-424-4801,598
474,Bel,Cosby,558-378-8055,289
475,Caleb,Finlator,656-289-0813,951
476,Jay,Easson,902-875-1283,171
477,Arthur,Coley,162-823-3292,823
478,Zaccaria,Philippou,883-978-4917,938
479,Christophe,Walkington,941-803-4193,1329
480,Jamesy,Brosh,423-675-7534,836
481,Aime,Weth,555-194-0907,910
482,Marshall,Longstreeth,527-556-8108,590
483,Dorothea,Van Waadenburg,293-742-8612,803
484,Weber,Braysher,920-474-6689,1369
485,Paddie,Hagston,809-821-3026,466
486,Mireille,Fulle,561-814-6803,486
487,Midge,Gavigan,674-230-2582,896
488,Nikolas,Marron,423-645-4447,1175
489,Sada,McQuilkin,167-600-3186,275
490,Dalia,Suttie,755-658-8279,244
491,Valeria,Feavers,611-481-9207,785
492,Billie,Woodrough,995-942-6140,289
493,Philly,Hurran,741-152-7801,691
494,Deane,Trollope,323-288-9991,980
495,Jo ann,Cassidy,656-391-3228,1051
496,Whittaker,Raynor,853-314-7884,541
497,Geordie,Barrett,415-631-0376,680
498,Berk,McHan,714-673-2599,555
499,Steven,Pulsford,761-537-3715,343
500,Alena,Kither,924-750-8170,218
501,Aubrey,Issitt,962-293-4965,193
502,Opaline,Chamberlaine,122-261-8717,877
503,Bobbye,Elwyn,554-156-0435,1489
504,Nessy,Miell,216-777-0897,638
505,Kelsey,Mackness,348-709-0921,34
506,Lyle,Cornfield,536-427-8417,163
507,Marnia,Mouncher,849-402-4040,832
508,Gunilla,Eggleston,726-531-4732,763
509,Kalle,Roizn,230-865-3134,1449
510,Kelcie,Jimmes,313-294-4619,968
511,Verina,Watman,280-334-4683,666
512,Rochester,Griffen,428-819-2193,799
513,Gerrard,McIver,972-417-8107,911
514,Norbie,Abeles,678-397-3140,786
515,Junie,Appleton,642-152-0133,1089
516,Maureen,Renny,278-550-5627,912
517,Alejandro,Ninnis,764-807-0757,511
518,Anthiathia,Buckler,742-796-8932,521
519,Payton,Thebes,225-667-6431,1117
520,Donaugh,Garmey,645-661-5105,160
521,Erie,Hobson,751-641-6565,1500
522,Renae,Grasser,508-826-8577,829
523,Gilligan,Spencers,837-547-1023,1177
524,Jeddy,Bridal,669-353-3252,618
525,Willamina,Gulk,364-248-5295,1384
526,Aurthur,Currer,551-527-4797,1040
527,Tobiah,Ambrogini,965-763-2114,1133
528,Conway,Matysiak,506-307-5184,707
529,Randi,Tanti,306-771-0207,915
530,Nyssa,Faint,514-722-2319,435
531,Lucas,Farbrother,829-492-6256,584
532,Odey,Linnett,688-826-6429,659
533,Aleksandr,Josselson,344-951-7474,41
534,Orran,Liquorish,489-261-9743,1080
535,Eben,Bleue,547-893-4773,1409
536,Cyndi,Hebblewaite,733-784-1088,535
537,Stan,D'Alesco,744-151-2314,1027
538,Val,Shreve,181-193-0947,497
539,Bernice,Larver,193-860-6160,509
540,Marlena,Pilbury,273-216-6392,1289
541,Shayne,De Malchar,951-899-8616,337
542,Cherish,Macieja,207-434-4538,1390
543,Hedvig,Hunter,445-800-3083,160
544,Shelton,Faulder,689-150-7491,107
545,Kipper,Zohrer,741-230-2405,1041
546,Penelopa,Cavet,558-788-3029,1108
547,Corbett,Papachristophorou,520-412-2700,1345
548,Zena,Clarke-Williams,909-670-1389,879
549,Berta,Sowray,652-317-4367,637
550,Beverly,Biasetti,467-726-1862,1014
551,Des,Murty,825-675-4543,1477
552,Lionello,Coulthard,987-326-7103,1297
553,Farand,Fairpool,388-851-0893,1168
554,Lenette,Lidgate,155-403-8456,343
555,Flynn,Kenealy,317-587-7161,1199
556,Thia,Cuppleditch,419-641-4415,814
557,Miguelita,Hastie,577-441-1794,1394
558,Jena,Lombardo,620-297-7038,937
559,Franky,Swynley,790-654-7858,1151
560,Bobbi,Burberye,377-423-1137,487
561,Waverly,Tough,531-539-1884,955
562,Cristina,Rodrigues,829-233-9793,982
563,Parry,Lude,563-393-3346,806
564,Mufinella,Baty,137-559-0508,325
565,Peg,Dunne,469-230-9998,789
566,Rosemarie,Lawly,220-111-2617,1066
567,Lillian,Linden,334-762-9055,602
568,Joachim,Donnersberg,157-185-5702,916
569,Carry,Shingler,417-225-1704,1335
570,Eloisa,Leishman,988-498-3094,543
571,Roldan,Rosengart,461-281-8190,1455
572,Kippy,Dedmam,834-471-3128,1090
573,Claiborn,Cossem,789-990-8067,631
574,Jania,Taunton,744-397-9305,1430
575,Eba,Schanke,561-374-6376,348
576,Garrek,Tanton,422-662-8913,703
577,Diann,Costigan,502-107-4041,361
578,Isac,Squibb,773-562-1921,347
579,Justus,Cudde,312-306-1555,1399
580,Bengt,Akehurst,550-457-1031,1038
581,Sarine,Heball,781-685-5800,1049
582,Frankie,McCerery,943-375-8372,784
583,Veradis,Ruperti,744-657-0803,1073
584,Nerty,Maynard,948-689-8470,1046
585,Mignon,Vowdon,449-625-5099,132
586,Gelya,Jakeman,352-446-1536,66
587,Gene,O'Hickey,101-584-0295,1348
588,Shelby,Errigo,573-550-7373,1232
589,Stormi,Frankland,709-156-3042,92
590,Haskell,Mazzey,422-166-4201,35
591,Rainer,Westnedge,145-663-3819,1025
592,Pennie,Trenaman,959-804-4559,1096
593,Nanete,McElane,280-328-0014,200
594,Ericha,Saxton,191-594-5066,153
595,Colver,Coen,506-881-4029,1290
596,Jocelin,Bollom,343-437-0546,811
597,Elberta,Bankes,542-522-1788,105
598,Star,Rosewarne,472-470-2433,192
599,Vickie,Haslam,221-166-7356,995
600,Nikkie,Hackworthy,507-968-9419,1095
601,Rubetta,Domm,537-765-6360,1376
602,Marjie,Scourge,240-781-2810,919
603,Verile,Spencock,942-224-9856,1196
604,Penni,Gherardelli,949-731-6514,470
605,Caritta,Aspinell,796-305-4486,1019
606,Hastings,McKague,643-819-5507,792
607,Ardene,Scrymgeour,988-763-8875,830
608,Giulia,Dulake,205-746-5058,176
609,Alissa,Boshers,563-834-3810,977
610,Herve,Morden,412-704-1421,952
611,Sampson,Pedrick,287-293-9273,529
612,Levy,Ravel,855-174-3696,1398
613,Nance,Ormshaw,115-422-0882,11
614,Berk,Rubinsztein,349-991-9934,787
615,Rena,Petrelli,420-830-5090,1232
616,Zena,Anyene,172-615-7199,274
617,Berta,McVeigh,479-245-4644,1493
618,Dennis,Lowery,555-376-4772,453
619,Myrah,Foux,370-341-2498,514
620,Brodie,Fishpool,240-121-6983,1220
621,Roseline,Dmiterko,837-101-8650,685
622,Caria,Arondel,925-898-4048,116
623,Lillian,Oglevie,484-408-1898,1295
624,Maddi,Feavearyear,258-807-0609,1162
625,Karisa,Brawson,948-996-9799,844
626,Haily,Laming,808-337-8505,203
627,Yetty,Dilkes,845-962-9996,690
628,Saunder,Harriman,207-343-6209,905
629,Ade,Royds,388-744-9507,101
630,Lucius,Twiggs,691-313-4954,246
631,Jammie,Poulett,455-909-7643,1346
632,Eleen,Feaveer,244-580-8277,837
633,Norri,Brookson,213-319-9303,1049
634,Simone,Mettericke,363-817-1230,384
635,Biddie,Roote,601-527-7704,456
636,Eloisa,Mayston,330-757-0139,329
637,Norma,Heeran,747-393-9751,530
638,Olav,Ulyet,748-309-3107,1107
639,Jemimah,Kimber,846-131-2765,787
640,Marianne,Aslum,727-326-4699,1312
641,Jeffy,Farfalameev,663-149-9496,670
642,Corabelle,Demeza,434-982-7849,1468
643,Lois,McDougal,377-155-6699,1277
644,Janeva,Heindrich,953-139-1849,761
645,Darby,Janacek,888-505-0870,1119
646,Olia,Husthwaite,733-137-1100,481
647,Andras,Buffy,517-642-0043,406
648,Nady,Twinbourne,257-732-7514,958
649,Brianna,Liffey,979-122-7789,1291
650,Sela,Summerly,741-652-6137,243
651,Matilda,Railton,842-758-2194,1447
652,Quinn,Diviney,606-254-1867,615
653,Rodrick,Billinge,865-105-7641,711
654,Sheelagh,Retchford,608-111-9063,444
655,Cece,Jewess,815-854-2170,1012
656,Hendrik,Shergold,161-295-8598,367
657,Shay,Kilgallen,384-867-8394,845
658,Rhett,Pomphrett,770-732-6366,47
659,Damon,Dudgeon,534-174-5849,1261
660,Reggie,Dussy,419-247-9600,537
661,Winny,Casini,398-492-2666,618
662,Jeri,Beasley,920-812-1450,1114
663,Florian,Pouck,310-822-0483,617
664,Munmro,Chatt,338-366-3355,1132
665,Aharon,Worsall,966-834-9361,1482
666,Thea,McElree,399-193-7345,1422
667,Moishe,Gash,770-777-4329,1276
668,Fred,Shotboulte,563-797-2775,198
669,Yul,Wellbank,918-666-9356,656
670,Elsworth,Willoughley,541-531-4138,1385
671,Kurtis,Melby,689-127-5086,879
672,Timi,Maulin,921-275-3565,179
673,Felicdad,Downs,893-302-8337,1278
674,Crin,O'Monahan,627-733-6561,1358
675,Nanete,Brimson,583-503-3265,435
676,Jarid,Lavelle,877-532-4834,740
677,Lowe,Godfray,264-297-0770,572
678,Mareah,Dearan,702-456-1652,177
679,Sampson,Allcoat,801-646-3007,1217
680,Christiano,Grinin,733-833-8852,80
681,Elladine,O'Cannan,916-171-0349,1426
682,Ellerey,Silkstone,252-817-8756,469
683,Hedi,Dunster,959-953-9736,1119
684,Janek,Salerno,646-744-4730,1495
685,Vinson,Kolinsky,296-688-7064,580
686,Athene,Scarlan,815-505-1524,409
687,Kandy,Kubek,233-206-4971,635
688,Agace,Arkcoll,414-829-3365,117
689,Faina,Croughan,959-487-0798,1201
690,Daune,MacKenny,268-824-8651,563
691,Philly,Helian,659-923-7121,959
692,Lenee,Felix,487-102-7599,1002
693,Joletta,Gaitley,584-458-2967,1316
694,Archibald,Rainey,743-342-5467,757
695,Cully,Arman,631-126-3584,1404
696,Kennedy,Jindacek,322-627-5538,163
697,Celestyn,Connachan,128-307-3286,65
698,Giulietta,Feander,800-831-8465,764
699,Jordain,Varley,874-474-8586,1385
700,Bria,Van Niekerk,923-837-2625,216
701,Gaylor,Guiduzzi,706-382-3366,538
702,Caressa,Jain,675-299-6074,1428
703,Silvain,Tolan,634-859-7822,1262
704,Sherline,Waddilow,223-573-3528,199
705,Joanne,Gwillyam,755-636-1499,1268
706,Alexis,Spencer,633-554-2070,25
707,Gerhardine,Ghidotti,985-284-3564,329
708,Joice,Gerdes,748-601-8484,174
709,Bridget,Adolf,540-817-5483,1384
710,Elena,Stallan,808-615-0390,1052
711,Ted,Castelletto,575-982-2155,260
712,Ariadne,Sketh,589-210-3069,821
713,Marco,Schwandner,357-182-0570,793
714,Laura,Asman,618-469-9441,1127
715,Jasun,Pimmocke,277-368-7683,453
716,Cammie,Livoir,213-282-4901,364
717,Grantham,Goodday,102-220-5861,175
718,Papageno,Tabard,549-130-9301,773
719,Carlin,Clemmett,542-677-7959,1208
720,Thorndike,Filippone,813-787-7636,168
721,Inger,Chiplen,191-139-1961,1486
722,Rhett,Carrodus,765-837-6548,924
723,Wallache,MacRannell,185-120-7796,371
724,Orelia,Bog,175-510-4829,1313
725,Iris,Ratie,706-458-2661,1390
726,Tobe,Pietroni,401-395-7894,788
727,Darby,Elcock,756-984-2484,1156
728,Bob,Hansel,746-360-7216,83
729,Codi,State,377-423-2028,1447
730,Jessie,O'Sheeryne,867-471-5661,1366
731,Kerstin,Burds,933-569-2009,583
732,Dasie,Arlt,115-227-9082,1243
733,Spence,Stiggles,783-483-9888,1431
734,Rik,Makeswell,400-620-0472,620
735,Niven,Bethell,848-528-4012,644
736,Lauri,Benesevich,249-254-3320,686
737,Nickola,Brezlaw,354-832-4371,1454
738,Cammy,Joye,528-342-3241,862
739,Barthel,Vockings,627-850-7137,1241
740,Ramona,Thoms,202-314-4567,815
741,Karlotte,Alu,963-652-4031,308
742,Simmonds,Zupone,205-230-6078,270
743,Luke,Austwick,269-421-9715,824
744,Christian,Blackstone,574-737-5053,847
745,Araldo,Erni,867-840-2815,1167
746,Dode,Cannaway,773-877-3848,409
747,Briant,Knaggs,398-383-1493,623
748,Ferdie,Emmerson,510-833-1081,1199
749,Gabriellia,Grain,994-784-6180,881
750,Whitney,Shill,228-630-4040,292
751,Frederico,Cuel,454-690-9384,896
752,Harwilll,Ughetti,294-647-4552,894
753,Clyde,Chieco,664-901-2367,1228
754,Iver,Kielt,885-360-9448,403
755,Zea,Dolphin,837-544-6939,30
756,Roxanne,Quant,329-958-6461,1030
757,Tierney,Spincks,275-855-1284,254
758,Kaye,McClymond,916-409-2346,1482
759,Diane,Wilcott,482-873-3157,586
760,Jami,Leagas,460-292-3304,694
761,Harley,Batt,500-988-8984,1119
762,Nichol,Durrett,213-498-0638,73
763,Florella,Dawltrey,867-527-0905,1160
764,Godfree,Batchelor,317-648-6589,453
765,Amie,Foskin,698-544-9475,831
766,Chadwick,Krolak,881-681-2232,421
767,Shaine,Ikin,351-534-2532,112
768,Sande,Insko,175-787-1983,225
769,Sharyl,Ollerhad,933-899-4576,1102
770,Phillipp,Tolcharde,681-783-2671,1371
771,Dru,McCaster,861-921-6357,1448
772,Pam,Joerning,417-854-9434,1107
773,Cris,Shafto,422-881-1245,958
774,Munmro,Jersh,568-692-8905,254
775,Tracey,Igonet,538-902-1863,1299
776,Dulsea,Abrahamowitcz,719-714-1391,708
777,Rhys,Worcester,889-465-9763,1477
778,Northrop,Bezemer,677-579-3914,1436
779,Vernon,Pyson,123-203-5676,2
780,Othello,Domanski,592-547-1099,502
781,Nicol,Cattonnet,639-652-4042,1069
782,Maddy,Colson,478-366-7588,1278
783,Georgie,Moland,545-136-5152,270
784,Mendie,Blazej,460-680-9832,282
785,Alley,Lambal,452-249-5376,1401
786,Crawford,Spurgeon,669-962-1883,796
787,Madlin,Wadlow,408-164-4635,801
788,Monro,Chaman,303-812-8150,1266
789,Lizbeth,Chastand,729-911-0762,622
790,Ainslee,Wressell,779-149-5254,404
791,Filbert,Pounds,465-302-2115,575
792,Consuela,de Clerq,337-612-7255,1043
793,Kathryn,Cansfield,272-101-7045,1026
794,Rosaline,Wythill,129-398-6731,787
795,Jolene,Rogister,736-719-5684,538
796,Jonathon,Sumpter,445-940-1960,331
797,Gaye,Orkney,951-684-3251,346
798,Janice,Putterill,542-247-4565,1474
799,Ursola,Marran,472-185-7931,594
800,Renado,Dallon,693-244-0577,415
801,Toiboid,Duncklee,240-786-7495,729
802,Irvin,Ruttgers,788-745-0414,564
803,Jordan,Lorand,151-360-2077,1034
804,Kathryne,Eustanch,739-341-2138,91
805,Alicia,Scarlin,993-556-9769,823
806,Celene,Saltsberg,290-957-9140,1050
807,Rodi,Thacker,313-367-5838,959
808,Zach,Morgue,149-492-3364,1252
809,Margy,Stieger,574-815-2101,888
810,Wilow,Albin,866-928-3088,1150
811,Cortney,Levesley,548-328-3491,782
812,Zorana,O'Keeffe,195-286-9782,1132
813,Isis,Blundel,827-287-7243,880
814,Barry,Joskovitch,953-719-3885,1411
815,Isidora,Edeson,252-575-7510,757
816,Kristen,McAne,791-371-9973,60
817,Leesa,Elcott,901-614-3074,415
818,Cedric,Gammel,289-646-1196,117
819,Jewel,Pady,861-664-7121,1315
820,Leona,Weinham,888-719-4675,565
821,Kassandra,Attenborough,136-909-7495,355
822,Livvy,Odger,601-887-0505,1138
823,Herta,Chesman,988-747-4450,1210
824,Valentin,Jakobssen,767-284-7935,672
825,Hussein,Towey,933-771-6472,140
826,Dasha,Spradbery,178-552-9508,488
827,Drew,Aspinell,312-539-0684,532
828,Stella,Howkins,657-162-9152,1373
829,Aldridge,Ciccotto,111-514-1299,1156
830,Zachery,Cannavan,605-666-6154,1207
831,Cherie,Frodsham,887-340-0972,243
832,Ester,Flatte,680-564-3838,1338
833,Bessie,Alexandrescu,458-464-8063,480
834,Alard,Sedman,591-258-7032,1260
835,Rosabella,Vlahos,663-370-9657,575
836,Erinn,MacCallam,987-628-6556,1063
837,Myrle,Tettley,325-359-8603,8
838,Bennie,Kolodziej,241-384-1493,1395
839,Griz,Di Biagi,213-801-3656,1362
840,Leticia,Chowne,837-918-4509,627
841,Ernest,Meadley,505-291-9315,727
842,Syd,Storms,155-900-3196,1295
843,Ardra,Francisco,414-249-2770,1082
844,Julie,Keri,491-285-9264,1443
845,Grange,Thies,735-920-5886,431
846,Laurella,Torra,620-456-2161,231
847,Maurene,Wilce,929-595-5218,399
848,Hewett,Perutto,996-520-1020,269
849,Ban,Dolbey,141-969-8319,634
850,Rosette,Lemary,914-387-6679,822
851,Elliot,Alessandone,597-963-5342,392
852,Daren,Grissett,176-957-9813,1288
853,De witt,Wisedale,911-328-8968,200
854,Timmie,McElvogue,511-763-3144,775
855,Quillan,Pickless,812-820-8223,62
856,Merell,Lillicrop,900-375-8104,673
857,Leicester,Duiged,359-422-2795,4
858,Chloette,Flight,324-668-6342,720
859,Curt,Dennes,116-909-9496,176
860,Fonsie,Duffitt,335-715-3519,1136
861,Kamila,Tarquini,337-143-0393,255
862,Roddy,McAdam,434-353-0215,73
863,Neilla,Sokill,310-856-6874,763
864,Kristos,Steenson,384-196-9743,759
865,Jens,Boycott,905-297-9555,1403
866,Arlen,Klaaassen,550-133-4886,725
867,Charmane,Sigge,441-423-3563,634
868,Myrilla,Belfelt,381-371-2654,883
869,Benedict,McCay,260-277-4614,704
870,Matilde,Riddler,326-974-6952,639
871,Herbie,Charle,371-903-0705,1232
872,Lamond,Tawse,962-826-7517,475
873,Orsola,Rudledge,554-258-7763,1110
874,Kissiah,Brodie,352-410-7063,1376
875,Leonerd,Sevin,926-607-6925,943
876,Arron,Hafner,408-335-8743,1227
877,Abagail,Boord,571-985-9022,899
878,Franchot,Ballance,438-943-8134,1297
879,Graham,Fearenside,448-194-5880,238
880,Timothea,Sherrington,365-996-3768,763
881,Pattie,Meads,944-864-8143,1476
882,Brandyn,Drewson,793-147-6563,846
883,Quinn,Shemming,834-284-5926,710
884,Augusta,Golsthorp,572-909-6926,1263
885,Noami,Grumbridge,155-144-9358,763
886,Montague,Mussettini,658-352-7330,463
887,Dolley,Freake,659-370-1619,931
888,Tremaine,Maundrell,215-611-3800,39
889,Tricia,Grayley,993-656-5865,881
890,Rianon,Petrasch,923-383-9125,30
891,Vachel,Milland,152-442-9473,1151
892,Coralyn,McGillacoell,118-924-2289,887
893,Nariko,Ramelet,625-628-4141,445
894,Adrea,Debling,926-432-1492,1288
895,Dacia,Chalcraft,757-301-2212,982
896,Emmet,Winning,457-204-2110,1466
897,Kassey,Johnsey,646-347-3383,265
898,Darline,Howell,199-127-7227,1267
899,Stanly,McPhater,652-172-3408,701
900,Luca,Charrisson,491-301-8981,1107
901,Leland,Garthshore,713-788-6733,351
902,Brit,Bumfrey,471-907-6399,1337
903,Glad,Grief,970-920-9739,1423
904,Catherina,Howgate,822-360-9855,40
905,Thain,Curnock,156-494-3984,1197
906,Gayleen,Guiot,568-112-3339,1376
907,Brana,Saxelby,454-251-4818,551
908,Valentine,Tyrie,266-102-1144,1446
909,Saunder,Croker,840-974-1480,1380
910,Denys,Jursch,929-464-1633,895
911,Vally,Cescotti,456-216-8747,23
912,Carlyle,Olley,208-882-0060,23
913,Garvin,Cockren,982-462-0114,481
914,Sophronia,Mattacks,366-443-1312,827
915,Stoddard,Landre,155-940-7039,1495
916,Cristiano,Braybrooks,853-803-2757,255
917,Lazar,Cansdell,459-441-1886,276
918,Olag,Surgener,488-626-0365,1322
919,Nellie,Willingam,313-519-2404,598
920,Shirlene,D'Arrigo,623-217-0573,1175
921,Barr,MacFadden,813-552-8462,955
922,Maggy,Kliemke,918-595-0201,12
923,Dwayne,Elphick,653-103-0004,1408
924,Daffie,Leveridge,425-847-6651,1423
925,Iosep,Speek,351-660-1173,599
926,Cobby,Thumim,523-490-1292,645
927,Ezequiel,Hamner,303-444-8743,836
928,Nerita,Dewis,283-364-3313,1429
929,Coleen,Suarez,395-392-6917,1494
930,Boot,Fraczkiewicz,909-796-0719,785
931,Ara,Collett,174-785-0448,870
932,Marita,Basile,190-872-1643,1464
933,Jessalin,Spall,902-722-9244,927
934,Caryl,Wildman,822-147-1950,715
935,Whit,Lowndsborough,927-463-3415,260
936,Jedidiah,Avrahamof,702-878-2981,1263
937,Ange,Tomasini,505-969-5073,1057
938,Dane,Guillou,372-916-0987,583
939,Essy,McClary,960-983-0543,325
940,Klaus,Norwood,363-988-4625,487
941,Janna,Colliber,688-807-5937,584
942,Kyle,Sigfrid,325-991-8470,1235
943,Buddy,Ferreira,388-743-6687,152
944,Devin,Alleburton,492-460-6764,279
945,Roma,Shimman,900-286-9873,1045
946,Pacorro,MacConnal,286-705-0269,795
947,Hurley,Abbe,631-580-8688,1201
948,Bobette,Bishop,980-782-5435,819
949,Lonnie,Pemberton,360-719-7461,1032
950,Ethelbert,Alday,230-833-4009,234
951,Carl,Dewis,261-950-2665,1397
952,Corny,Dibbin,657-594-5127,18
953,Pall,Allonby,760-141-6088,923
954,Horatius,Bounde,985-516-8789,121
955,Seana,Wellwood,900-572-0758,407
956,Alanna,Cracknall,775-980-1428,1476
957,Dorine,Romke,433-625-9001,632
958,Adan,Lewsley,732-691-5913,348
959,Jessie,Boate,488-861-7088,230
960,Donella,Staner,191-629-4345,1106
961,Kimberlyn,Ottley,655-455-7678,852
962,Meghan,Ibel,389-982-4642,15
963,Fay,Trengrove,846-768-7711,1389
964,Celie,Perigo,105-711-0410,1213
965,Allyn,Norvill,852-897-4222,1142
966,Hymie,Cajkler,709-952-4382,647
967,Mallorie,Jewett,561-851-0274,661
968,Claresta,Kmiec,902-406-3649,203
969,Ivor,Valentim,517-518-9603,1240
970,Nikki,Hambrook,994-498-2385,1006
971,Julietta,Whitley,881-620-4841,1402
972,Orin,MacCaffery,796-954-7181,1070
973,Damon,Stentiford,858-448-1498,907
974,Rosalind,Lennie,620-884-6476,292
975,Iorgo,Strathern,219-333-2027,1025
976,Malissia,Lamkin,455-937-4628,1478
977,Elayne,Keep,663-565-4595,1096
978,Karly,Courson,809-711-4723,688
979,Cymbre,Dacre,671-387-8900,444
980,Edyth,Chalfain,809-297-7933,410
981,Britney,Postin,659-990-8083,864
982,Kahaleel,Pemberton,249-266-8259,1278
983,Bellina,Roebottom,210-629-3480,1026
984,Jania,Mularkey,450-182-0323,1289
985,Bartholomew,Talks,601-170-6654,903
986,Mariele,Gewer,947-899-4353,1401
987,Siusan,Cranham,941-621-4769,221
988,Fabien,Faussett,957-888-0162,22
989,Dinnie,Tipperton,892-581-2559,334
990,Corly,Minkin,799-551-1872,226
991,Hughie,Ximenez,446-239-0498,527
992,Birch,Jovanovic,934-517-5373,897
993,Frederic,Goulthorp,586-780-2229,183
994,Isabelle,Rois,392-114-2760,1227
995,Oliver,Passfield,711-944-2309,755
996,Corney,Trusty,420-835-4780,748
997,Magdaia,Glen,412-114-7951,1108
998,Upton,Perceval,282-850-9927,1365
999,Diahann,Kibbye,219-898-8308,150
1000,Halley,Tiley,828-478-9581,150
1001,Selia,Spears,967-549-7873,1496
1002,Sheri,Orteu,433-270-7249,93
1003,Elbertina,Dicky,247-335-1685,1419
1004,Claudian,Morch,103-946-3817,816
1005,Jason,Boadby,568-919-9095,857
1006,Carita,Ennew,279-899-2732,1272
1007,Gisella,Bennen,529-232-1133,131
1008,Raine,Dunne,605-710-9292,1001
1009,Artie,Mc Andrew,840-668-8166,402
1010,Godfrey,Rickcord,635-976-1673,1362
1011,Minda,Thurnham,822-974-8952,815
1012,Deb,Darrington,862-317-2190,1402
1013,Rinaldo,Weatherell,535-442-7375,521
1014,Burk,Tomblett,936-859-4068,617
1015,Conan,Orr,781-487-0919,826
1016,Tiffani,Berth,873-938-4381,973
1017,Victoria,Blampy,456-452-8359,1200
1018,Shane,Sommerlie,314-459-4293,1466
1019,Walker,Venney,242-487-5019,631
1020,Berty,Bumphrey,919-148-3633,1029
1021,Jodi,Wybron,593-405-3209,639
1022,Wendy,Flippelli,613-786-8783,671
1023,Quintina,Jenny,736-295-2620,592
1024,Barnabas,Chafney,953-814-2676,396
1025,Kendal,Ughini,496-333-6246,1358
1026,Orrin,Bachelar,594-860-9103,1457
1027,Diane,Cutmere,662-292-6054,1159
1028,Shayne,Witchell,257-785-1340,1326
1029,Wilfred,Wearne,473-846-1100,319
1030,Emily,Willicott,159-141-2303,748
1031,Sherman,Mowsdell,794-367-8222,1284
1032,Mella,Veck,177-957-9631,967
1033,Elaina,Folds,876-346-3942,449
1034,Hamid,Boal,972-833-6068,281
1035,Cleo,Dumbelton,310-261-7375,472
1036,Marmaduke,Stubbin,229-672-0665,315
1037,Codie,Blackborow,327-538-8344,800
1038,Den,Sibbald,918-781-4659,694
1039,Nickolai,Balsom,367-429-0169,8
1040,Brita,Leist,427-620-5150,705
1041,Blancha,Chiechio,430-849-6115,1484
1042,Ted,Shelliday,218-908-7842,885
1043,Georgeanne,Orrin,592-980-9669,323
1044,Ortensia,Mawhinney,728-307-6307,59
1045,Rouvin,Robken,108-966-3258,1497
1046,Marcel,Civitillo,470-452-3765,385
1047,Mureil,Akred,424-531-4857,1051
1048,Vannie,Biagioni,256-987-7703,1111
1049,Quintus,Cossell,230-265-8789,974
1050,Vivi,Morrott,297-556-4442,1220
1051,Rafaelia,Goodship,564-624-2100,203
1052,Phineas,Miliffe,866-653-2923,687
1053,Amberly,Poolton,366-661-6458,1470
1054,Omar,Hamp,626-724-3378,782
1055,Errol,Wornum,602-760-8250,1307
1056,Mack,Nayshe,925-169-9459,350
1057,Harley,Paterson,954-129-0600,1083
1058,Jeralee,Chrippes,556-841-0736,760
1059,Waly,Alejo,133-620-9473,1464
1060,Mada,Fripps,684-547-8148,1018
1061,Russ,Smewings,679-972-1583,1003
1062,Andie,Coleby,592-931-9929,946
1063,Layney,Aspland,779-991-0968,1160
1064,Dore,Niezen,856-190-0222,589
1065,Hendrika,Peto,129-874-4918,1191
1066,Garth,Aveling,515-889-4364,1103
1067,Corey,Harriday,938-976-8338,1316
1068,Alexis,Tunnoch,951-167-6144,737
1069,Merwyn,Tillard,427-619-2292,1283
1070,Monti,Ghiraldi,755-959-7551,648
1071,Sonny,Haveline,137-924-7964,1456
1072,Chico,Tutchell,570-446-0690,1479
1073,Mabel,Bigley,487-196-5540,574
1074,Erwin,Delatour,311-576-6751,1331
1075,Carina,Embra,489-511-5085,813
1076,Daron,Huniwall,332-511-8240,909
1077,Rochelle,Garside,767-553-0877,111
1078,Nyssa,Skey,492-663-4474,755
1079,Cindra,Rossetti,773-241-0161,311
1080,Yovonnda,Burnep,130-471-3933,1434
1081,Babs,Blues,725-363-8176,826
1082,Anabella,MacKonochie,426-371-6849,776
1083,Heddi,Eddins,214-227-3712,89
1084,Dee dee,Ritchley,923-542-8225,528
1085,Phip,Villalta,887-606-7272,613
1086,Haily,Bumby,587-720-0819,685
1087,Elka,Vigrass,883-832-9238,365
1088,Allyn,Haire,136-699-0702,647
1089,Jacki,Mutter,295-426-6344,31
1090,Brett,Chstney,241-154-0485,490
1091,Engelbert,Mayston,636-734-8500,615
1092,Michelina,Billin,754-802-1376,709
1093,Erda,Le Noir,447-232-0456,403
1094,Emalia,De Giorgis,195-432-6030,1476
1095,Benedikt,Kennion,328-937-8594,1104
1096,Emelda,Lenham,856-119-0805,537
1097,Abbe,Shimmings,860-227-7446,771
1098,Angelique,Morant,927-481-9345,126
1099,Findley,Gulliman,745-526-1454,1374
1100,Dannie,Hinsche,476-880-7040,623
1101,Clementine,Ingreda,280-474-7854,894
1102,Jorie,Huggon,646-397-6791,62
1103,Anet,Sprankling,102-247-2656,285
1104,Josselyn,Mosley,137-789-9607,1499
1105,Gertrudis,Terren,520-638-4630,1084
1106,Massimo,Bruun,416-149-6883,495
1107,Dorita,Duffrie,997-568-4894,1283
1108,Dallis,Grog,429-546-2050,1209
1109,Ulysses,Fryett,124-378-4158,96
1110,Helaine,Hovenden,119-949-6764,496
1111,Mischa,Walden,711-324-7494,336
1112,Hugh,Kitt,157-892-0411,744
1113,Baillie,Gilbertson,113-598-9517,947
1114,Celestia,Hibling,801-526-0700,122
1115,Imogen,Stroulger,708-926-3516,208
1116,Lemuel,Yearns,128-215-5987,701
1117,Fletch,Eddisforth,804-119-2215,1478
1118,Gloriane,Riches,503-840-2417,301
1119,Chelsae,Brand,993-625-1172,943
1120,Ciro,Anning,348-307-5193,563
1121,Garland,Thredder,282-210-9448,859
1122,Eleonora,Wyd,790-941-9771,334
1123,Ferguson,Lewendon,333-879-1887,1224
1124,Dorotea,Bertelsen,552-912-8569,1059
1125,Jose,Ovill,747-284-6568,1314
1126,Dale,de Bullion,224-224-4917,417
1127,Blythe,Castellini,856-280-5815,213
1128,Katalin,Kell,391-347-2298,389
1129,Karl,Dimmne,282-204-3696,543
1130,Colet,Vauls,254-462-5711,264
1131,Diandra,Imms,357-871-8824,1025
1132,Janeta,Dmitrichenko,534-932-6744,1323
1133,Zorina,Annwyl,711-981-4764,574
1134,Matthieu,Sudran,467-194-8070,1094
1135,Biddie,MacWhan,893-417-6898,577
1136,Amalie,Kenwin,220-437-9261,989
1137,Bren,Fewell,791-188-0614,1279
1138,Bart,Danilowicz,462-485-6796,1127
1139,Sean,Pendergrast,216-189-6315,1170
1140,Liliane,Meek,185-305-0437,1105
1141,Julio,Wilshaw,923-790-6468,644
1142,Stephan,Fero,594-560-0431,47
1143,Bonnie,Brimacombe,681-762-6606,1435
1144,Bryna,Urling,245-251-5139,1428
1145,Candra,McIlherran,798-606-7244,1461
1146,Floria,Corbin,651-292-9935,908
1147,Roanna,Mertin,759-187-4582,1164
1148,Dorie,Biaggiotti,780-859-1448,637
1149,Newton,Garrow,236-584-7957,708
1150,Christoph,Annatt,761-413-1473,186
1151,Doralynne,Dolbey,811-865-7269,1182
1152,Silvio,Pavlitschek,859-898-9692,224
1153,Whit,Jahner,322-753-6227,200
1154,Rustie,Wateridge,343-157-2641,886
1155,Kissiah,Heinsius,896-676-0770,823
1156,Gustavus,Burchett,225-393-9661,521
1157,Helene,Collomosse,135-849-2473,1431
1158,Lauralee,McKechnie,567-225-8246,973
1159,Ambrose,Thorwarth,975-472-8437,539
1160,Frazier,Bousler,466-696-2284,927
1161,Clayson,Pleavin,369-529-9227,119
1162,Terrell,Dacke,558-201-5405,1279
1163,Katherina,Dutch,279-948-7241,996
1164,Caye,Jope,963-157-2997,301
1165,Gilburt,Yuryichev,991-250-2223,1112
1166,Sharona,McKelvey,448-130-1670,954
1167,Germana,Rotherforth,423-222-1573,1130
1168,Micky,Spinnace,243-179-0647,136
1169,Mirelle,Richemont,361-574-0246,95
1170,Stacy,Sudron,784-927-9818,667
1171,Sophronia,Addenbrooke,373-629-3967,337
1172,Shurlock,Walesby,761-193-1984,800
1173,Jillie,Gask,757-677-8585,590
1174,Byran,Waltering,173-432-4658,546
1175,Quincey,Humm,678-161-1303,23
1176,Kathe,Haggata,156-617-5173,1022
1177,Jamal,Dawley,552-587-1215,784
1178,Eolande,McDade,895-419-4941,66
1179,Berky,Goudman,901-535-4567,1193
1180,Broderick,Cathersides,333-568-1032,1446
1181,Corry,Gallone,347-565-9858,1334
1182,Eugene,Maskall,844-207-0061,261
1183,Katheryn,Sanham,838-547-6752,534
1184,Olenka,Diggin,895-192-0366,579
1185,Quincy,Peile,831-573-7858,796
1186,Englebert,Domnin,442-280-7395,1315
1187,Fifine,Spargo,749-139-3733,968
1188,Marci,Hayden,827-645-8665,1341
1189,Joby,Westwater,344-740-0000,307
1190,Gretchen,Pinel,520-730-7875,1452
1191,Panchito,Munkton,381-351-7760,488
1192,Tonye,Hatchman,912-237-6914,768
1193,Maggee,Woolerton,468-112-4362,555
1194,Claresta,Colleymore,979-661-6604,1314
1195,Elmo,McReath,707-563-3150,569
1196,Melesa,Delagua,797-188-9704,1227
1197,Basilius,Bener,223-954-7552,397
1198,Dunc,Clynmans,974-769-6094,414
1199,Kendre,Ramelot,903-226-3862,1208
1200,Cammy,Blooman,720-337-9816,675
1201,Jerrylee,McGuinley,876-487-7726,191
1202,Mikael,Ogan,782-685-4763,1425
1203,Dmitri,Castri,919-158-0668,245
1204,Urban,Chmarny,423-192-1366,680
1205,Lorenza,Fagence,260-990-5636,205
1206,Shauna,Masser,592-505-3883,1255
1207,Harmony,Jamme,100-192-3273,1204
1208,Janessa,Zebedee,856-519-7497,860
1209,Shepperd,Niaves,511-791-9786,255
1210,Keri,Blenkinsop,615-940-2747,496
1211,Sande,Haythorn,792-142-9189,748
1212,Harrison,Spurriar,554-318-3528,1021
1213,Brandea,McAleese,262-815-7028,17
1214,Abey,Coundley,518-470-0006,1007
1215,Gamaliel,Claworth,455-435-0193,640
1216,Charlot,Hoffner,272-955-3873,1418
1217,Vally,Caughey,580-664-3463,18
1218,Dulcie,Willgoss,896-736-0836,598
1219,Brooke,Erasmus,385-839-5682,1221
1220,Vaughan,Maraga,163-243-1260,35
1221,Jewelle,Savage,195-378-9570,1190
1222,Darsey,Arnal,838-489-5328,1054
1223,Odilia,Thorington,767-384-1154,337
1224,Mallory,Bootell,217-340-4159,690
1225,Hersch,Gounin,574-816-7239,274
1226,Eleonora,Creese,809-768-9607,524
1227,Ced,MacFaul,358-852-7906,432
1228,Lynett,Rosenwasser,214-420-0268,12
1229,Gunner,Fermor,575-309-4441,1371
1230,Page,Blackadder,100-217-7700,1269
1231,Kimbra,Bromehed,334-466-6373,448
1232,Suzette,Tether,295-911-3254,238
1233,Winnie,Perton,586-418-1435,465
1234,Dukey,Jozef,934-870-0652,143
1235,Jeniece,Wesson,626-901-6583,481
1236,Tedd,Woakes,468-624-8181,750
1237,Wilbur,Bartozzi,444-723-5265,1395
1238,Jodi,Couchman,702-803-0207,36
1239,Fredrika,Higgen,619-176-3504,1095
1240,Delia,Garvill,997-209-2066,280
1241,Taddeusz,Buxcey,250-608-6744,1252
1242,Wain,Hylands,328-307-0784,1404
1243,Bertrando,Aikenhead,568-881-5495,769
1244,Fletch,Bannard,619-115-6922,493
1245,Mac,Saphir,399-811-1984,1266
1246,Candi,Iacopetti,904-435-6136,900
1247,Hamilton,Smallacombe,848-557-0929,1266
1248,Trix,Laingmaid,229-342-1511,414
1249,Tedra,Eseler,297-889-1080,248
1250,Idaline,Shailer,895-785-9221,355
1251,Monica,Ekless,223-820-7738,798
1252,Ida,Rhodes,987-711-5050,998
1253,Virginie,Iamittii,265-521-2369,1403
1254,Hillard,Treasure,866-762-0437,888
1255,Meryl,Paffley,540-775-7429,465
1256,Samantha,Kobke,725-782-4539,1483
1257,Zilvia,Talloe,626-792-1116,1387
1258,Allison,Kaszper,357-462-7609,334
1259,Frannie,Teale,860-291-6880,734
1260,Rog,Cuckoo,576-241-9943,1149
1261,Daron,De la Barre,175-299-5581,476
1262,Jessika,Canto,249-551-9257,264
1263,Faustine,Hruska,892-272-5130,197
1264,Quinn,Dearlove,890-991-3033,1179
1265,Ramsay,Phillimore,962-968-2423,1109
1266,Leslie,Fice,392-487-1989,135
1267,Luella,Safhill,810-312-9661,860
1268,Quentin,Maddie,571-276-3735,388
1269,Shoshana,Seymark,921-110-4034,516
1270,Jennica,Dutch,271-966-0996,1218
1271,Janette,Rofe,293-221-3581,1307
1272,Veronica,Lennox,819-236-9852,1058
1273,Bevan,Bustin,456-310-0883,271
1274,Jaye,Longhurst,790-901-7151,967
1275,Brooks,Danis,654-434-4477,245
1276,Delora,Pickford,634-181-6462,1045
1277,Jacky,Squibbes,539-488-9452,1293
1278,Enrique,Hansom,579-978-9388,660
1279,Baird,Dunston,651-590-1484,1255
1280,Tiffany,Duffrie,753-454-1879,1098
1281,Tedi,Gilardengo,289-268-4262,151
1282,Blake,Nial,312-469-5313,852
1283,Aura,Poff,948-224-2542,1058
1284,Phillip,Almak,218-315-9906,1317
1285,Beau,Gilliver,693-141-1001,341
1286,Jakie,Lamplough,966-148-5179,1332
1287,Alanah,Tregona,538-262-3140,622
1288,Carmencita,Binns,662-421-6523,57
1289,Rockey,Geertje,882-184-6309,687
1290,Layton,Gerram,237-498-6663,1411
1291,Hedy,Menico,342-460-3633,1041
1292,Madelene,Emmens,312-325-7867,753
1293,Kirby,Jankin,634-953-7351,1251
1294,Lucia,Phillis,261-310-2188,1012
1295,Shay,Tregent,480-927-8572,75
1296,Abey,Scimoni,911-174-9872,725
1297,Minnie,Proppers,778-323-8554,625
1298,Amalee,Phillpot,247-544-9451,563
1299,Cacilie,Plail,300-630-7524,530
1300,Trey,Tyce,636-843-7848,1097
1301,Hershel,Davidek,249-480-8019,1150
1302,Felecia,McArdle,416-708-6634,647
1303,Amalie,Fairbairn,685-719-3878,1492
1304,Abrahan,O'Calleran,780-738-2159,631
1305,Kean,Balwin,736-999-8143,71
1306,Jarred,Staning,143-262-8995,481
1307,Khalil,Chipp,274-757-9983,923
1308,Lyssa,Borzone,270-547-0733,573
1309,Imelda,Heelis,487-569-8065,1383
1310,Rosalie,McClure,118-669-3308,577
1311,Osbourne,Huntingdon,738-395-3580,154
1312,Beatrisa,Fernley,604-922-9821,244
1313,Micky,Arson,276-687-4677,37
1314,Brok,Logue,596-554-8543,797
1315,Karen,Liddicoat,636-233-1131,87
1316,Fern,Jobe,564-303-3405,1395
1317,Lionel,Shinton,842-224-8170,1417
1318,Margret,Howgill,789-699-8823,592
1319,Adina,Veschi,460-236-8946,141
1320,Bogey,Rablen,916-840-3395,909
1321,Scotti,Tedstone,627-231-0784,750
1322,Jon,Gowanlock,317-567-2617,136
1323,Quill,McGebenay,970-552-5845,435
1324,Che,Cecchetelli,854-571-3349,411
1325,Lissie,Canter,360-626-1425,922
1326,Catharina,Stodd,620-879-2248,628
1327,Chip,Buddock,896-956-7749,428
1328,Lauri,Bittlestone,690-292-1012,233
1329,Jamal,Schapero,491-982-3205,1304
1330,Loydie,Hubbart,497-271-8453,852
1331,Aimee,Allain,785-737-0198,694
1332,Kinny,Mayzes,767-359-5979,499
1333,Parry,Rubury,739-983-4754,593
1334,Adelice,Van Driel,910-867-8371,1360
1335,Courtnay,Kanwell,875-299-1344,337
1336,Donelle,Danihel,584-302-0737,1150
1337,Mandy,Tarborn,951-632-5088,373
1338,Iosep,McGrill,386-304-3140,498
1339,Butch,Hindge,618-987-9052,670
1340,Averyl,Kyle,952-184-7340,1183
1341,Saunderson,Curee,211-312-4676,174
1342,Lucia,D'Acth,970-558-1167,1024
1343,Alissa,O'Carran,607-673-3358,614
1344,Marline,Warrell,153-586-1238,820
1345,Filide,Jeannet,323-629-8251,1288
1346,Camille,Pennone,949-421-7820,621
1347,Barnie,Aleksankov,942-314-9580,816
1348,Erina,Malcolm,218-650-8208,939
1349,Rosemarie,Jaggli,857-981-8807,1321
1350,Filippo,Crush,119-790-7093,1173
1351,Christiano,Myderscough,806-525-2570,36
1352,Darsie,Murrhaupt,970-476-2910,564
1353,Coral,Candie,651-184-8466,225
1354,Maddie,Birden,969-170-5461,1054
1355,Jerrie,Blythin,721-611-9845,1021
1356,Gaynor,Hazzard,257-662-9504,880
1357,Harcourt,Cowoppe,902-895-2872,998
1358,Lil,Hardingham,279-532-0419,916
1359,Stevana,Narbett,514-959-4847,931
1360,Bonny,Chrippes,635-817-6307,1321
1361,Leila,Dobbing,806-512-4650,1106
1362,Gabe,Hovel,885-644-8116,236
1363,Alika,Le-Good,771-133-2898,1041
1364,Timi,Scrase,962-268-0391,353
1365,Shina,Maddy,916-788-2620,501
1366,Shellie,Mullineux,213-793-0898,1244
1367,Gertrud,Saura,450-137-9006,14
1368,Dilan,Cadney,325-388-7205,806
1369,Adriano,Crosland,771-376-6245,1449
1370,Barrie,MacGuffog,210-636-4734,149
1371,Bordy,Moloney,865-833-6921,163
1372,Rube,Rubanenko,650-173-2623,1271
1373,Ed,Rickaby,290-227-2088,582
1374,Stormy,Seifert,849-772-0538,691
1375,Roman,Cutsforth,660-188-7618,1206
1376,Gauthier,Peachman,736-103-0784,791
1377,Boonie,Gullivan,898-704-3764,1322
1378,Rurik,Peret,313-664-5055,280
1379,Bartholomew,Pendred,516-531-1034,283
1380,Rae,Fanthom,112-972-0917,1449
1381,Jaquenetta,Badder,264-157-3941,334
1382,Parry,Lindblom,378-230-7677,1367
1383,Seline,De Bruijne,340-573-6449,1296
1384,Leshia,Cowp,124-917-0231,1470
1385,Chandler,Klaus,942-332-3128,981
1386,Mirna,Shave,582-834-4917,1037
1387,Dugald,Piwell,256-670-2436,592
1388,Izzy,O'Brian,557-146-4984,447
1389,Giacomo,Fitzharris,659-591-1118,896
1390,Linell,MacGrath,479-571-7533,1202
1391,Baron,Hawtrey,574-114-0132,201
1392,Tris,Yepiskov,460-239-4052,513
1393,Jarrett,Studholme,470-682-5280,188
1394,Zoe,Hourihan,826-831-9247,1346
1395,Pancho,Bromell,821-234-6988,466
1396,Melamie,Whysall,465-840-7186,611
1397,Lesli,Adie,398-690-7872,1147
1398,Denny,Gilham,631-215-4547,437
1399,Rubie,Pybus,616-804-6539,766
1400,Lilli,Alvaro,335-167-3677,78
1401,Roland,Elmhurst,628-856-9285,60
1402,Kathie,Giordano,711-625-7042,423
1403,Udale,Ewence,210-855-4586,266
1404,Goldarina,Patrie,920-619-6870,1178
1405,Blake,Cushe,789-838-7777,880
1406,Benedick,Guice,758-257-2901,325
1407,Ahmad,Edens,369-706-9478,842
1408,Layney,Burton,606-159-0885,1254
1409,Cherie,Gilhooly,456-890-6758,1366
1410,Averil,Lockett,703-402-3462,1072
1411,Haleigh,Rylance,403-282-3112,1244
1412,Benyamin,Sturte,779-720-7865,159
1413,Liz,Torricella,156-390-1236,1300
1414,Talbot,Tromans,476-972-4930,1003
1415,Sarita,Boother,954-608-8451,1319
1416,Teddy,Gimert,657-170-0455,663
1417,Elfreda,Leban,455-679-4917,939
1418,Pollyanna,Clashe,368-768-7450,163
1419,Martita,Keynes,975-913-2902,1261
1420,Alejoa,Nasey,902-675-7717,595
1421,Celka,Langcaster,971-515-9164,1364
1422,Darrel,Lyman,157-986-3106,574
1423,Gabbie,MacCurtain,515-125-7612,1231
1424,Anthiathia,Curtis,684-594-9482,922
1425,Ruprecht,Redgate,799-267-9541,1194
1426,Cyrus,La Wille,334-596-5361,704
1427,Rhonda,Gianotti,812-511-5051,198
1428,Tori,Fenwick,704-769-4387,1224
1429,Onida,Tellett,612-723-2851,283
1430,Caren,Sizzey,219-135-4143,755
1431,Garwin,Bice,918-923-7208,764
1432,Agnesse,Vossgen,257-475-4642,1223
1433,Ravid,Gozard,930-921-4869,1243
1434,Sheilakathryn,Proudler,139-468-1575,292
1435,Bee,Ruby,735-916-4851,698
1436,Stanly,Asals,663-787-0640,588
1437,Dani,Cockley,320-377-1115,661
1438,Maryellen,Prestedge,242-557-0005,229
1439,Lolly,Solland,816-591-0010,297
1440,Batholomew,Shrubb,676-809-7256,821
1441,Morgan,Lardnar,767-271-1878,1168
1442,Nonah,Sam,527-765-9318,1057
1443,Eilis,Clothier,404-840-0398,762
1444,William,Callow,365-447-0016,1100
1445,Audre,Roumier,333-136-5458,1305
1446,Dulcy,McGing,619-413-6416,339
1447,Khalil,Grimsdyke,346-144-1763,25
1448,Jean,Bursnall,300-670-3965,130
1449,Kennedy,Skilton,240-165-0443,252
1450,Lem,Betser,932-372-9089,1236
1451,Fayina,Guwer,721-957-6965,510
1452,Kendrick,Small,230-143-5484,430
1453,Talbot,Cutmare,790-597-2350,324
1454,Alli,Sapseed,383-212-1587,1083
1455,Jackelyn,Van Velde,994-467-9080,820
1456,Burlie,Scurlock,667-913-5625,1230
1457,Nicola,Gritsunov,719-338-9263,724
1458,Matthaeus,Goggins,681-336-8547,76
1459,Abagael,Strowan,443-436-3172,108
1460,Pauly,Burgill,405-377-7855,552
1461,Laurianne,Carek,920-530-1400,2
1462,Casandra,Clapson,162-878-7132,1493
1463,Misti,Armsden,144-821-9981,1386
1464,Gillian,Hilley,779-305-4736,845
1465,Archaimbaud,Allsop,611-928-0086,1268
1466,Jaynell,Haldane,475-924-2926,924
1467,Sinclare,Cocke,821-818-1130,1186
1468,Loreen,Palfrie,230-929-3722,492
1469,Matthus,Elster,772-424-5024,1220
1470,Garek,Gheeorghie,287-367-2740,106
1471,Portie,Goring,328-830-5369,56
1472,Thorsten,Stranger,545-491-1681,280
1473,Virge,de Quincey,158-514-6051,572
1474,Tiffie,Coopper,658-185-2549,36
1475,Clementia,Bonsall,688-904-8311,1244
1476,Esmaria,Grevile,639-678-4989,581
1477,Molli,Andryunin,168-327-5339,1057
1478,Iosep,Greenacre,873-672-3369,267
1479,Gaspar,Thirst,674-602-1654,1169
1480,Chrissy,Brockie,998-704-1718,655
1481,Adolf,Tordiffe,258-874-9028,769
1482,Ram,Swatradge,820-887-7545,843
1483,Bridget,Felce,816-288-0210,387
1484,Donnamarie,Churchyard,847-535-8135,853
1485,Billy,Southam,469-439-4156,1002
1486,Madelina,Glidden,554-868-6965,1216
1487,Obadiah,Klimkiewich,902-556-8250,27
1488,Katy,Bartoleyn,807-978-5126,748
1489,Ronni,Oda,442-665-3715,647
1490,Sandy,Axelbee,570-923-6786,864
1491,Orazio,Bignal,887-353-6773,158
1492,Misti,Vardey,727-145-4637,590
1493,Son,Jansema,568-164-3688,1279
1494,Bale,Felgate,959-384-2492,1063
1495,Coletta,Dyers,999-416-4056,85
1496,Chadd,Standley,404-204-6034,300
1497,Reginauld,Golagley,273-585-3181,82
1498,Jessamyn,Fortye,815-255-4871,652
1499,Gunilla,Scorah,892-778-0552,1113
1500,Kassandra,McJury,569-619-0251,897
1501,Maryann,todor,955-663-1407,1401
1502,Stu,Emanuel,247-948-1465,1222
1503,Yulma,Malter,816-897-9846,488
1504,Guido,Boich,865-328-0724,816
1505,Peyton,Dantesia,702-835-1018,1423
1506,Elwyn,Libbie,773-170-2475,912
1507,Gerald,Hare,691-200-1824,74
1508,Anna-diane,Welfare,223-126-3627,643
1509,Lanny,Bayless,648-856-4730,971
1510,Gerard,Spadelli,847-102-3069,515
1511,Bunny,Kolushev,345-420-4805,900
1512,Pansy,Hoffner,655-358-7045,1062
1513,Isa,Mityakov,721-740-5493,154
1514,Cristy,Sloyan,687-268-9201,1231
1515,Orland,Fydo,802-610-0973,852
1516,Desiri,Grayne,130-409-3434,915
1517,Felicio,Lexa,948-498-9990,720
1518,Marni,McGucken,921-994-1416,669
1519,King,Milella,149-296-6774,378
1520,Ayn,Starkey,105-135-9225,265
1521,Tiena,Goalley,682-335-8456,1467
1522,Sonya,Gough,710-849-3485,1275
1523,Garreth,McVaugh,193-571-8087,1129
1524,Ermengarde,Senn,952-785-1534,915
1525,Bradley,Makey,367-790-5064,1374
1526,Tamas,Clifford,124-288-6423,943
1527,Mark,Losseljong,714-511-3119,1466
1528,Editha,Joinson,661-785-7086,1412
1529,Berri,Robez,479-942-2502,32
1530,Reena,Blaymires,396-727-8507,504
1531,Dru,Tivenan,561-845-7744,1497
1532,Elmo,Larvent,557-408-4694,427
1533,Fowler,Bolver,746-948-3001,933
1534,Austen,Murdoch,553-580-0591,1343
1535,Carmelina,McGunley,310-914-9297,1244
1536,Jordana,Depka,871-112-1272,727
1537,Damien,Stanner,360-282-0511,539
1538,Cullie,Weiss,432-313-7612,227
1539,Alfy,Gibard,583-239-9319,359
1540,Micki,Askam,252-339-3954,1169
1541,Ricca,Easson,388-848-0598,871
1542,Iosep,Pagan,700-717-9673,1347
1543,Celinda,Bigglestone,363-596-8957,172
1544,Cynthy,Lamboll,230-369-0207,837
1545,Rube,Woodburne,276-470-8405,536
1546,Esra,Shields,475-702-9693,223
1547,Lelah,Mapson,658-967-7434,1129
1548,Tanner,Clubley,255-955-3889,1462
1549,Aharon,Poznanski,921-721-5308,69
1550,Bailie,Demcak,639-270-1562,374
1551,Lindsay,MacGow,663-781-4450,637
1552,Byrle,Dincey,565-123-5624,699
1553,Happy,Merrikin,140-921-8317,166
1554,Justen,Burchess,752-843-8645,1443
1555,Catarina,Claridge,446-257-9328,1100
1556,Teresita,Osichev,197-765-5554,410
1557,Aubert,Isaaksohn,657-762-3492,393
1558,Benoite,Euplate,696-712-3076,1466
1559,Leila,Sarson,889-932-3740,884
1560,Sophi,Rookledge,803-475-6460,441
1561,Jaquenetta,Fley,419-306-2057,1095
1562,Ingeberg,Woodbridge,333-422-3620,1098
1563,Renee,Traill,368-424-6162,569
1564,Eugenius,Alred,757-789-3269,456
1565,Janos,Crabbe,944-491-8920,1326
1566,Taryn,Livsey,442-401-4516,949
1567,Tierney,Ciobotaru,385-144-1995,485
1568,Wilone,Knuckles,794-652-9237,641
1569,Merill,Dagless,222-456-5880,618
1570,Yelena,Roocroft,986-439-8322,908
1571,Leodora,Ulyet,380-837-2417,459
1572,Milly,Kmiec,939-124-1634,692
1573,Tymon,Bennedsen,476-890-7182,914
1574,Iain,Durbann,784-994-5000,469
1575,Anjanette,Knott,565-721-7902,526
1576,Tiffany,Roofe,162-345-2136,1327
1577,Harv,Devon,571-384-3676,969
1578,Brena,Swatland,146-113-9463,1439
1579,Ofilia,Laurens,941-655-8372,470
1580,Andrey,Thornber,606-215-6301,837
1581,Klarrisa,Biscomb,320-312-6949,701
1582,Dyan,Meffen,461-622-1602,404
1583,Rowan,Speeding,721-560-1379,754
1584,Pamela,Snailham,329-868-8244,1207
1585,Emelina,Halsted,639-572-9231,787
1586,Joella,Fearnley,769-437-8878,1207
1587,Sauveur,Sivell,164-428-3983,154
1588,Keane,Gare,601-228-2083,954
1589,Osborne,Popple,421-386-7210,629
1590,Upton,Fogg,869-541-9448,1078
1591,Arline,Lindsell,504-223-9506,195
1592,Ethelda,Teek,302-602-0502,385
1593,Nealson,O'Nolan,835-202-5462,1048
1594,Gordie,Tarquini,271-725-4155,98
1595,Conrado,Garaway,450-456-6599,996
1596,Nanni,Rothon,580-410-3617,1449
1597,Gwenore,Sporton,596-489-6203,515
1598,Ramonda,Goodfellow,621-148-8813,743
1599,Riordan,Mattosoff,129-741-7193,170
1600,Ailey,Kenward,747-314-1071,1011
1601,Charla,Woolen,662-424-4301,892
1602,Linn,Phinnessy,961-709-8544,390
1603,Dave,Meysham,469-216-5485,1184
1604,Marissa,Osgordby,213-755-0175,114
1605,Carey,Wordington,501-827-1615,344
1606,Lalo,Cardoo,626-315-8479,1102
1607,Carlyle,Leefe,138-641-3590,1411
1608,Hedvig,Boulding,335-733-6432,1156
1609,Fan,Abdy,918-124-4595,424
1610,Johnathon,Smullen,685-789-9296,110
1611,Marigold,MacLardie,377-677-9485,362
1612,Oswald,Domb,898-868-1867,1097
1613,Rosabel,Allabarton,926-118-2934,448
1614,Rad,Lytle,342-270-3440,397
1615,Horst,Bedboro,527-199-4142,1102
1616,Even,Skerman,666-867-6762,1421
1617,Dylan,De Blase,321-632-8239,1399
1618,Ursala,Haresnape,761-390-7500,724
1619,Sula,Duigenan,845-803-1720,827
1620,Weylin,Edeler,561-633-3530,1202
1621,Rey,Urey,728-279-1025,183
1622,Em,Batrick,923-507-6300,1397
1623,Michaella,Lias,969-760-7197,928
1624,Sandy,Minors,310-385-6886,166
1625,Rhett,Cappineer,563-301-9881,1451
1626,Buck,Lack,690-870-3136,794
1627,Robby,Burrage,596-327-9506,23
1628,Wilek,Krzysztof,692-202-2839,786
1629,Roseline,McGarrity,604-534-3358,1230
1630,Kent,Spinella,338-881-3443,514
1631,Penny,Cowitz,210-680-8816,155
1632,Vita,Moorfield,723-419-0532,1122
1633,Jaquenetta,Grouvel,425-515-9588,1008
1634,Weston,Cogley,885-197-9315,1249
1635,Sally,Argente,757-570-9475,1303
1636,Orsola,Tosney,960-500-6110,1471
1637,Danyelle,Salter,798-626-0329,1097
1638,Bessie,Randalston,840-364-4871,844
1639,Regan,Conibeer,233-297-9904,1005
1640,Brnaby,Colloff,309-851-1191,294
1641,Issi,Eilhart,195-196-1879,1444
1642,Biron,Hansen,597-806-2694,403
1643,Aubrey,Butte,243-649-2429,1136
1644,Ode,Chetham,655-280-0239,223
1645,Gillan,Guilloneau,848-108-6329,1351
1646,Gwenni,Izon,855-293-1906,572
1647,Elladine,Doog,213-731-4335,736
1648,Emery,Whinray,366-141-5206,593
1649,Gerda,Kenford,473-887-2851,887
1650,Corrie,Polland,913-783-1816,905
1651,Broddy,Beviss,682-397-7856,139
1652,Vaughan,Rymour,421-544-8082,925
1653,Arthur,Hallford,999-463-4745,1331
1654,Riccardo,Corriea,189-380-8613,439
1655,Kassey,Proffitt,692-730-9435,614
1656,Jacinthe,Rentcome,913-552-0398,1213
1657,Carmine,Alvis,720-641-3277,653
1658,Loise,Hairsine,935-197-6612,866
1659,Leontine,Meace,877-921-9666,1409
1660,Sal,McTurk,263-414-4249,1248
1661,Jenna,Wandtke,430-626-1707,880
1662,Joseito,Sharman,831-731-3592,1318
1663,Casper,Bott,327-303-6567,632
1664,Hayyim,Moulder,571-753-8630,1299
1665,Derrik,Margrie,121-256-3568,1143
1666,Cindi,Ritchie,397-774-2316,1279
1667,Bart,Giorgiutti,332-261-5235,444
1668,Emmie,Brimmell,996-424-3807,616
1669,Darrelle,Matonin,168-450-0207,453
1670,Jourdan,Dowbakin,595-806-3062,1383
1671,Ibbie,Prinn,320-793-9845,729
1672,Eimile,Polo,598-316-5647,1146
1673,Em,Farragher,989-697-8238,1453
1674,Basil,Whatson,305-242-6273,1214
1675,Crissie,Lardner,654-419-6773,1027
1676,Meris,McKelloch,470-505-7768,408
1677,Nappie,Kehir,403-118-8355,958
1678,Anette,Bromley,776-226-9170,255
1679,Becca,Yewdall,296-259-3556,895
1680,Kelsy,Novill,375-137-5531,512
1681,Goldie,Faulconer,239-630-4850,784
1682,Krishna,Coushe,805-759-8527,1130
1683,Noella,Whayman,912-491-1615,375
1684,Cord,Wodeland,493-554-0452,654
1685,Jerrold,Vivyan,411-676-7162,367
1686,Derry,Gallie,578-653-8680,1099
1687,Betty,Fleetwood,907-777-4385,1257
1688,Lisetta,Bandey,965-273-7220,85
1689,Kalindi,Swanne,188-819-4063,158
1690,Joana,Hendron,291-190-6955,982
1691,Ortensia,Kirman,132-975-7592,1437
1692,Daryle,Gallamore,506-269-2243,688
1693,Agnesse,Tratton,815-547-8909,1166
1694,Friederike,Elsop,802-830-7129,496
1695,Morgen,Satterthwaite,388-154-9652,809
1696,Rusty,Nobles,277-262-4767,443
1697,Lizzy,Hamblett,770-829-2473,363
1698,Jerrylee,Sipson,490-667-7875,788
1699,Shandra,Ilchenko,995-922-8420,1332
1700,Jemima,Rosgen,793-833-4284,1487
1701,Evan,Jehu,702-528-3038,1255
1702,Lil,Bulfit,353-687-4574,1376
1703,Damian,Seiler,874-237-2443,1178
1704,Mikaela,Jemmett,881-907-0742,1377
1705,Ebenezer,Hutcheson,688-642-2107,177
1706,Irvine,Cohan,920-963-9688,918
1707,Dare,Gosdin,937-363-6983,598
1708,Sofia,Tweedell,753-110-4175,1260
1709,Zacharie,Huie,742-770-3631,1337
1710,Pamelina,Kayser,447-449-7612,917
1711,Tammie,Zecchi,361-321-8553,92
1712,Meredith,Drabble,971-203-7031,647
1713,Alyse,Muggeridge,495-732-8895,881
1714,Monica,Cristofor,588-488-0553,686
1715,Selle,Syfax,453-881-3894,495
1716,Theressa,Cattrall,890-847-9949,108
1717,Allistir,Kelwaybamber,155-830-4282,205
1718,Liza,Swayne,360-684-7229,680
1719,Alysia,Frankowski,341-148-7170,171
1720,Robinett,Hertwell,377-858-4801,1414
1721,Colin,Doust,329-115-8622,1213
1722,Marietta,Stainsby,721-534-8378,174
1723,Marty,Janew,219-635-8706,1110
1724,Emalee,Candy,494-620-1518,137
1725,Rochell,Fritchley,479-972-9369,1462
1726,Chelsae,Hallward,978-633-5468,258
1727,Malorie,Palin,935-742-2590,765
1728,Junie,Blakeway,295-966-1701,380
1729,Nicoli,Hanscombe,176-574-3745,1043
1730,Barney,Tofanelli,236-346-2942,559
1731,Homerus,Deguara,164-994-0370,903
1732,Domeniga,Radoux,315-770-4044,78
1733,Ardys,Robardet,774-135-3449,714
1734,David,Renzo,957-959-8379,628
1735,Culley,Ivens,657-559-2159,958
1736,Jordan,Station,327-997-2374,1326
1737,My,Girardi,768-971-5443,1024
1738,Herve,McGowing,359-855-1217,448
1739,Baxter,Paulitschke,452-885-1843,1080
1740,Edythe,Hardwick,882-699-5622,1297
1741,Jacquelin,Mossman,935-281-7189,115
1742,Olwen,Abrahams,238-947-6226,1072
1743,Abba,Smallridge,220-378-6740,856
1744,Nichole,Hebdon,358-742-5267,1131
1745,Hyacinthe,Knapton,135-572-0811,354
1746,Flor,Fidilis,976-527-1898,75
1747,Vinnie,Fraczak,855-782-9025,325
1748,Jerri,Holtum,904-747-2748,664
1749,Walliw,Spedding,530-616-2453,630
1750,Karim,Trotton,379-612-8394,430
1751,Lorne,Rospars,698-724-6316,1325
1752,Genna,Carver,405-387-9766,529
1753,Rahal,Courtese,554-741-5853,769
1754,Briney,Tanzig,657-625-7182,1184
1755,Percival,Clacey,166-870-3993,1070
1756,Zoe,Daice,905-876-7441,1116
1757,Emory,Kruger,139-352-8622,1151
1758,Graeme,Philpots,854-458-6773,1032
1759,Westbrooke,Pessel,238-429-7451,335
1760,Lizbeth,Crimp,138-118-1290,1224
1761,Gael,Joddens,370-648-6116,1151
1762,Cora,Itscovitz,702-861-8597,66
1763,Deloria,Ubach,666-650-3089,770
1764,Cornelia,Cottey,856-979-5134,1065
1765,Amble,McKue,595-210-7073,444
1766,Nichol,Kindall,361-683-2971,391
1767,Lauretta,Brotherton,924-220-9177,1283
1768,Emmy,Coudray,621-798-2077,1030
1769,Ulises,Drife,914-392-8093,692
1770,Colas,Kingaby,859-594-1254,424
1771,Mikey,Blakeney,614-378-2555,1455
1772,Hedi,Vondruska,274-165-7522,555
1773,Morgan,Nutkin,120-998-0681,961
1774,Rabi,Garrand,568-718-4967,738
1775,Rafaello,Glavin,608-616-9026,1330
1776,Nolie,Bantham,910-157-1644,132
1777,Maureene,Baldrick,333-324-5643,497
1778,Valencia,Crook,165-671-4998,1409
1779,Adan,Latchford,510-916-8342,956
1780,Lissi,Benjafield,139-343-6980,568
1781,Maude,McKevitt,703-441-8355,216
1782,Zebulon,Bernardeschi,907-344-5009,359
1783,Jonathan,Spain-Gower,870-596-9383,540
1784,Locke,Kaser,208-493-6560,1444
1785,Glyn,Cheese,585-540-4400,506
1786,Daloris,Incogna,709-735-2357,535
1787,Jeffy,Welfare,622-358-8282,530
1788,Luciana,Klemz,944-264-6967,471
1789,Bron,Spelwood,718-247-5592,842
1790,Milissent,Rennolds,470-820-3490,1238
1791,Davy,Padrick,907-627-8592,410
1792,Orville,Harfoot,658-733-6226,1482
1793,Evvie,Simonite,292-244-7237,1232
1794,Philippe,Winning,956-711-0041,724
1795,Jo,Haxley,336-419-5743,1431
1796,Maris,Gilleson,935-843-8729,1124
1797,Dill,Moyes,957-952-7617,283
1798,Farlie,Sorro,664-620-9637,1470
1799,Hester,Gouinlock,655-366-6976,1462
1800,Brewster,Goundry,248-440-3694,1387
1801,Maryjane,McVeigh,812-282-3725,795
1802,Kellie,Dory,872-509-2122,1223
1803,Baron,Meates,250-215-3159,114
1804,Timi,Viggars,875-812-8918,640
1805,Jori,Flarity,952-896-2489,626
1806,Lucia,Gatchell,822-150-0463,1009
1807,Kinnie,Kytley,223-673-8923,899
1808,Katine,Dukes,789-601-5915,1286
1809,Tore,Amsden,777-512-1374,25
1810,Emilie,Disbury,439-975-9868,534
1811,Matthus,Blaschek,190-139-7300,1062
1812,Lorenza,Swatheridge,642-804-5015,1300
1813,Ariadne,McCurtain,522-135-5347,630
1814,Zacharia,Chalcroft,409-646-6879,108
1815,Killian,Hopkyns,899-388-5088,237
1816,Mack,Pedley,149-128-0334,70
1817,Charmian,Queyos,764-668-4187,1132
1818,Waldo,Armistead,557-656-6856,421
1819,Hilde,Spring,818-954-8843,928
1820,Giles,Stanworth,539-906-1213,302
1821,Jenny,Lalevee,817-659-7551,766
1822,Elonore,Doull,201-678-1724,1470
1823,Honor,Pritchett,558-687-6106,899
1824,Kyle,Mouget,856-909-8988,640
1825,Lauritz,Muggleston,207-802-8596,1384
1826,Toby,Pellew,476-524-8737,1474
1827,Hannie,Jean,921-893-5748,133
1828,Niall,Waterhous,637-996-9927,1178
1829,Egor,Olner,553-993-1996,1455
1830,Boote,Gross,459-452-4943,858
1831,Heath,Hawkshaw,429-798-7009,152
1832,Charissa,Farrant,820-864-2759,339
1833,Norri,Bayless,570-886-5653,246
1834,Dolores,Stower,410-781-8198,17
1835,Ruy,Duinkerk,448-677-7586,455
1836,Tedie,Nockalls,871-603-2514,870
1837,Tori,Stringer,670-376-4733,521
1838,Rosana,Clarage,149-593-8153,999
1839,Joann,Seebright,699-616-9510,68
1840,Batsheva,Bogeys,309-528-2015,1354
1841,Sunny,Roberds,388-912-6081,1069
1842,Orbadiah,Eastope,211-110-0331,1471
1843,Olimpia,Middlemiss,666-786-5325,681
1844,Ki,Chaster,913-959-1346,571
1845,Levey,Kubat,554-303-7030,781
1846,Sherie,Adlam,951-803-4310,1302
1847,Gauthier,Grishinov,734-996-0279,1119
1848,Ingeberg,Stamps,746-684-1245,585
1849,Brigid,Wheal,202-469-1865,796
1850,Ezekiel,Mossman,672-482-3446,363
1851,Lezlie,Edgehill,113-514-7180,1401
1852,Ardyth,Trubshaw,508-811-9500,1486
1853,Ripley,Challenor,627-339-8203,845
1854,Klara,Brewins,995-415-8118,248
1855,Shayne,Lain,373-138-7746,130
1856,Ad,Cancellieri,832-413-9225,1415
1857,Kerianne,Guerner,652-481-6035,153
1858,Symon,Freak,601-834-6840,1244
1859,Madlen,Aiken,618-270-5809,961
1860,Jordan,Challenger,778-617-6321,751
1861,Philis,Normavell,912-419-0441,485
1862,Teodoor,Trye,151-551-4306,1188
1863,Licha,Hutley,844-759-0928,549
1864,Benny,Glassard,460-202-3583,1293
1865,Terrie,Grinikhin,941-620-7861,1080
1866,Dacey,Lait,451-651-7238,707
1867,Erhard,Oldknow,182-567-8492,1424
1868,Nonah,Rutigliano,528-153-4265,751
1869,Artemus,Patemore,789-150-5126,1106
1870,Norrie,Walworth,377-948-0544,930
1871,Kory,Ales0,218-940-0508,132
1872,Odette,Luff,533-206-7585,1318
1873,Moishe,Sussams,668-495-5546,135
1874,Dennie,Masterman,461-362-0311,297
1875,Nalani,De Caville,964-161-1586,1133
1876,Ty,Climer,182-557-3599,703
1877,Prent,Leffek,381-866-0431,1446
1878,Kimberli,Howells,902-659-5073,539
1879,Linea,Lemonnier,354-896-5568,1318
1880,Nina,Nast,215-837-5854,70
1881,Pegeen,Anglim,692-336-9377,1178
1882,Orella,Fedoronko,543-551-0711,1373
1883,Hersch,Attrill,265-910-4122,1481
1884,Jermaine,Whelpton,300-363-9311,715
1885,Elka,Lapre,255-425-0460,848
1886,Jeno,Nelle,274-118-2758,1440
1887,Raphaela,Hoffmann,268-456-8640,1223
1888,Conn,Howie,750-506-0930,857
1889,Linnell,Wasmuth,204-994-6193,271
1890,Bea,Oulet,465-365-1298,1321
1891,Peder,Trinkwon,836-164-2779,1096
1892,Pavla,Stanway,688-635-7476,1121
1893,Phedra,Perche,861-268-7692,1155
1894,Grete,Millson,315-490-7965,190
1895,Vanna,Voyce,168-630-5561,497
1896,Maxie,Rosenshine,635-330-2271,1300
1897,Lennard,Zavattari,452-238-8057,1083
1898,Benni,Mapstone,839-445-6461,1379
1899,Mikey,Grose,731-515-0845,1486
1900,Rube,Masdin,248-809-6416,296
1901,Danny,Marlen,808-860-7388,247
1902,Shanon,Heggman,225-772-5123,1328
1903,Curr,Folonin,468-666-5717,697
1904,Lola,Vanini,990-219-4193,55
1905,Dniren,Stainburn,236-189-1527,125
1906,Brandtr,Spurdens,176-843-7588,662
1907,Eolanda,Pheazey,716-910-4637,999
1908,Ree,Hasel,752-696-1245,1382
1909,Agretha,Loy,794-372-1171,1496
1910,Cherry,MacMurray,314-909-0703,495
1911,Lewes,Giriardelli,994-777-1266,196
1912,Illa,Pepi,289-569-6010,396
1913,Deb,Ralphs,897-574-7827,1098
1914,Pooh,Malloy,271-673-1374,478
1915,Dilan,Pietruszewicz,847-302-4767,159
1916,Forbes,Darter,415-947-6498,318
1917,Edith,Roadnight,688-451-6666,648
1918,Alex,de Verson,942-715-8313,1049
1919,Celesta,Ellar,609-318-2249,1197
1920,Carmella,MacCallam,471-428-6848,996
1921,Murdoch,Wallbutton,323-456-4639,190
1922,Saundra,Lukasen,860-376-4349,57
1923,Myrna,Georgeon,791-179-8441,1054
1924,Kirsten,Keys,472-653-2547,1278
1925,Concordia,Klimashevich,401-759-1240,607
1926,Camellia,Pennacci,262-764-4612,10
1927,Roda,Dmitrichenko,173-211-6599,450
1928,Quintina,Livett,705-171-9038,1030
1929,Aeriell,Lemmer,465-107-9375,977
1930,Mehetabel,Kevis,683-912-0616,331
1931,Gianina,Brocklebank,545-565-0990,16
1932,Sauveur,Larrett,569-561-7809,556
1933,Bary,Marquand,274-874-7484,839
1934,Theobald,Jessup,721-500-7116,420
1935,Kiah,Vallens,247-688-7695,91
1936,Taite,Pietruszka,450-618-7095,267
1937,Tito,Jouannot,832-749-3546,622
1938,Krissy,Shearsby,974-942-8894,81
1939,Olav,Keetch,416-668-9625,842
1940,Idell,Archbell,541-958-5050,60
1941,Nicolai,Bettleson,407-199-6255,335
1942,Lindsy,Madoc-Jones,338-983-8747,263
1943,Letitia,Castellan,137-718-8765,1054
1944,Greer,Symmers,785-127-2936,1491
1945,Cordelie,Danilyuk,396-379-1731,819
1946,Anet,Kynder,691-295-0916,322
1947,Kasey,Bolzen,108-305-5229,1464
1948,Leone,Thorsby,935-368-2280,833
1949,Thurstan,Marjot,762-965-3450,833
1950,Maryjo,Darte,904-214-5432,1117
1951,Matilde,Blaydes,154-448-3876,1221
1952,Eddie,Schlagh,350-989-8920,1153
1953,Aeriel,Fordham,386-612-6257,8
1954,Barris,Blake,636-314-9770,1284
1955,Hastings,MacTrustrie,527-627-0723,897
1956,Saundra,Gerish,894-648-7465,605
1957,Joelie,Ahmad,714-586-2043,588
1958,Dominic,Jellett,550-100-6087,540
1959,Pammie,Greenhalf,721-893-9002,371
1960,Allyn,Attersoll,367-545-0174,4
1961,Desmund,Hindmore,425-845-3325,25
1962,Roselia,Stemson,537-530-5500,1208
1963,Allyson,Loffill,265-969-7428,109
1964,Hermon,Gusticke,529-411-3247,223
1965,Henderson,Vasyukov,818-849-8946,1330
1966,Cesar,Yates,367-746-8958,259
1967,Rozalie,Heinsius,997-268-5796,952
1968,Hillary,McAviy,393-408-6474,359
1969,Lem,Hubber,358-491-4407,515
1970,Anselma,Tomblings,470-592-6603,479
1971,Ferdy,Ludron,474-609-9610,724
1972,Colas,Ivimey,704-112-6333,46
1973,Orin,Binden,828-494-5424,571
1974,Lorrie,Peterken,767-790-1709,263
1975,Odelle,Grahame,630-257-8247,524
1976,Humfrid,Quenell,235-979-0172,1197
1977,Liana,Trillow,659-930-8951,149
1978,Forrester,Clell,554-464-8667,625
1979,Anette,Rembaud,763-167-8452,666
1980,Brice,Gabala,422-562-7941,1026
1981,Garrot,Gilliatt,284-438-1950,407
1982,Zacharia,Mullen,430-257-1139,1344
1983,Burke,Headech,414-700-2190,222
1984,Kissie,Kobierski,213-215-9700,1005
1985,Hashim,Loughnan,694-524-9550,270
1986,Rahal,Moorey,744-372-1003,645
1987,Roderic,Makey,608-181-3586,402
1988,Lurleen,Dawidsohn,652-929-5411,920
1989,Renate,Bristo,639-824-6305,220
1990,Alyosha,O' Clovan,657-906-2202,1119
1991,Leia,Sargood,310-877-3695,978
1992,Dorine,Martellini,908-252-5464,298
1993,Eugenie,Whittaker,367-761-1989,941
1994,Sheilah,Masden,675-965-2623,1444
1995,Mal,Bilton,552-586-5946,1101
1996,Allistir,Iacomo,776-297-8076,882
1997,Baxter,McAllen,228-167-8364,50
1998,Barbie,Bickley,845-735-4684,191
1999,Darwin,Gauche,682-573-2999,466
2000,Benjamen,Vany,637-224-6619,506
